,Название,ИНН,Адрес,ОКВЭД,Деятельность
0,РОСИМУЩЕСТВО,7710723134,,,
1,"ООО ""АГРОКОМПЛЕКС ЛАБИНСКИЙ""",2314017030,,,
2,"ГОСКОРПОРАЦИЯ ""РОСАТОМ""",7706413348,,,
3,"ПАО ""ГАЗПРОМ НЕФТЬ""",5504036333,,,
4,"ПАО ""ЛУКОЙЛ""",7708004767,,,
5,"ОАО ""УРАЛЬСКАЯ ГОРНО-МЕТАЛЛУРГИЧЕСКАЯ КОМПАНИЯ"", ОАО ""УГМК""",6606013640,,,
6,"ПАО ""ГАЗПРОМ""",7736050003,,,
7,"АО ""ТРАНСМАШХОЛДИНГ""",7723199790,,,
8,"ООО ""ГОРОДСКИЕ ТЕХНОЛОГИИ""",3123411084,,,
9,"АО ""РТИ МИКРОЭЛЕКТРОНИКА""",7735596569,,,
10,"ООО ГК ""НАРОДНЫЕ ХУДОЖЕСТВЕННЫЕ ПРОМЫСЛЫ""",7708364209,,,
11,"ООО ""ЦИФРОВАЯ ИНДУСТРИАЛЬНАЯ ПЛАТФОРМА""",7813646509,,,
12,"ООО ""СБЕРБАНК ИНВЕСТИЦИИ""",5032229441,,,
13,"ООО ""СТАР МЕДИА ДИСТРИБЬЮШН""",7723633907,,,
14,"ООО ""ЛТС-СЕРВИС""",9709002445,,,
15,"ООО ""ХОЛДИНГ АКВА""",2626047111,,,
16,"АО ""ОМЕГА ТРЕЙД""",7709912874,,,
17,"АО ""АТОМЭНЕРГОПРОМ""",7706664260,,,
18,"ООО ""РАДАМАНТ""",7728864400,,,
19,"ДП ООО ""ТОРГОВЫЙ ДОМ"" ЗАО МЯСОПТИЦЕКОМБИНАТА ""КАНЕВСКОЙ""",2334016885,,,
20,"ПАО ""РОСТЕЛЕКОМ""",7707049388,,,
21,"ООО ""ЕДИНЫЙФАКТОР""",7729660992,,,
22,"АО РАОС, АО ""РУСАТОМ ОВЕРСИЗ""",7725413350,,,
23,"ООО ""ГАЗ - ОЙЛ ТРЕЙДИНГ""",7709773211,,,
24,"ООО ""КОММИТ КЭПИТАЛ""",7702527457,,,
25,"ООО ""СТАР МЕДИА ВИЖН""",9704007016,,,
26,"ООО""АФИПСКИЙ НПЗ""",7704214548,,,
27,"ООО ""ЛУКОЙЛ-ТЕХНОЛОГИИ""",9709038314,,,
28,"ООО ""МЕДТЕХ ИИ""",9713011675,,,
29,"АО ""КМКР""",2626003072,,,
30,"ООО ""ГАЗПРОМ ГНП ХОЛДИНГ""",3906229324,,,
31,"АО ""УРАЛЭЛЕКТРОМЕДЬ""",6606003385,,,
32,"ООО ""УЛЬТРА ФЕРТ УРАЛ""",6684039685,,,
33,"АО ""УК ""БМЗ""",3232035432,,,
34,"ООО ""ВОЗДВИЖЕНСКОЕ""",9704136526,,,
35,"АО ""НМГ""",7704676655,,,
36,"ООО ""НРА""",7731320369,,,
37,"""ОПОРА РОССИИ""",7704247293,,,
38,"АГЕНТСТВО СТРАТЕГИЧЕСКИХ ИНИЦИАТИВ (АСИ), АГЕНТСТВО СТРАТЕГИЧЕСКИХ ИНИЦИАТИВ, АСИ",7704278735,,,
39,"ООО ""КОМПАНИЯ ТРАССА""",5029080456,,,
40,"АНО ""ЦИФРОВАЯ ЭКОНОМИКА""",7731384732,,,
41,"ООО ""ЦИФРА""",7704245507,,,
42,ФГАОУ ВО ПЕРВЫЙ МГМУ ИМ.И.М. СЕЧЕНОВА МИНЗДРАВА РОССИИ (СЕЧЕНОВСКИЙ УНИВЕРСИТЕТ),7704047505,,,
43,"ООО ""ОТКРЫТАЯ МОБИЛЬНАЯ ПЛАТФОРМА""",1615012605,,,
44,"РОССИЙСКОЕ ОБЩЕСТВО УРОЛОГОВ, РОУ",7704142244,,,
45,"ООО ""ЯНДЕКС""",7736207543,,,
46,"НП ""МАП""",7709443291,,,
47,"АССОЦИАЦИЯ ""УТСР""",7714429479,,,
48,БАНК ГПБ (АО),7744001497,,,
49,"ООО ""ГАЗПРОМ УПРАВЛЕНИЕ АКТИВАМИ КСН""",7813655951,,,
50,"ООО ""КОРПОРАТИВНЫЙ ЦЕНТР ИКС 5""",7728632689,,,
51,"АО ""ГАЗПРОМ-МЕДИА ХОЛДИНГ""",7728668727,,,
52,"ПАО ""НОВАТЭК""",6316031581,,,
53,"ООО ""АР СИ БРЮ""",5406601315,,,
54,"ООО ""ГАЗПРОМ ИНВЕСТ РГК""",7751001106,,,
55,"ООО ""СТАТУС""",7728520086,,,
56,БАНК ВТБ (ПАО),7702070139,,,
57,"ООО ""МЕГАКОМ""",5003106773,,,
58,"АО ""ГАЗСТРОЙПРОМ""",7842155505,,,
59,"ООО ""ЦЕНТРГАЗЭНЕРГОРЕМОНТ""",5050048663,,,
60,"АО ""РОСХИМ""",7716953328,,,
61,"ООО ""АУРА-МЕДИА""",7730517394,,,
62,"ООО""ГАЗПРОМ ЦЕНТРРЕМОНТ""",5050073540,,,
63,"ООО ""ГСП-ИНВЕСТИЦИИ""",7810797852,,,
64,"ООО ""ГАЗПРОМ МЕЖРЕГИОНГАЗ""",5003021311,,,
65,"ООО ""ОПЕРАТОР ГАЗПРОМ ИД""",7743228142,,,
66,"ООО ""ГАЗПРОМ КАПИТАЛ""",7726588547,,,
67,"ООО ""ГПМ ПРОЕКТЫ""",7701736754,,,
68,"ООО ""ЭТП ГПБ КОНСАЛТИНГ""",7728356929,,,
69,"ООО ""АГРОКОМ ХОЛДИНГ""",6163156380,,,
70,"ООО ""ГРУППА АГРОКОМ""",6163070862,,,
71,"ООО ""НОВАПОРТ ХОЛДИНГ""",7704857789,,,
72,ФОНД ИНФРАСТРУКТУРНЫХ И ОБРАЗОВАТЕЛЬНЫХ ПРОГРАММ,7728116275,,,
73,"ООО ""ВЕЛЕС ТРАСТ""",7703603950,,,
74,"ПАО ""МОСЭНЕРГО""",7705035012,,,
75,ПАО РОСБАНК,7730060164,,,
76,"АО УК ""АЭРОПОРТЫ РЕГИОНОВ""",7705986635,,,
77,"ГОСУДАРСТВЕННАЯ КОРПОРАЦИЯ ""РОСТЕХ""",7704274402,,,
78,"ООО ""ОНИКС""",7728522943,,,
79,"ООО ""ЗАПОЛЯРЬЕНЕФТЕГАЗ""",2457089844,,,
80,"ПАО ""ГМК ""НОРИЛЬСКИЙ НИКЕЛЬ""",8401005730,,,
81,"АО ""ИНТЕР РАО КАПИТАЛ""",7701296415,,,
82,"ФОНД ""СОЗИДАНИЕ""",1326178496,,,
83,"ООО ""ВЛРП""",3818013862,,,
84,"АО ""КРП""",2461007121,,,
85,"ООО ""ПОЛЯРНЫЙ ЛИТИЙ""",9709083109,,,
86,"ООО""ТРЭВЭЛС""",7826056320,,,
87,"АО ""МЕЖДУНАРОДНЫЙ АЭРОПОРТ ""САРАНСК""",1328905789,,,
88,"ООО ""СДК ""ГАРАНТ""",7714184726,,,
89,"ООО ""ЛУКОЙЛ-ПЕРМЬ""",5902201970,,,
90,"ПАО ""ИНТЕР РАО""",2320109650,,,
91,"АО ""ГАЗПРОМНЕФТЬ-АЭРО""",7714117720,,,
92,МИНИСТЕРСТВО ПО УПРАВЛЕНИЮ ГОСУДАРСТВЕННЫМ ИМУЩЕСТВОМ СВЕРДЛОВСКОЙ ОБЛАСТИ,6658091960,,,
93,"ООО ""НЦ ТЕХНОСПАРК""",5046075713,,,
94,"ООО ""ТОЛИНГ""",7728780824,,,
95,"ООО ""ЖУРАВСКОЕ ХОЛДИНГ""",7728200248,,,
96,"ПАО ""РУСГИДРО""",2460066195,,,
97,"ООО ""ДНС ГРУПП""",2543083050,,,
98,"ПАО ""РОССЕТИ""",4716016979,,,
99,МИНПРОМТОРГ РОССИИ,7705596339,,,
100,"ООО ""ЛВНГ""",2983013832,,,
101,"АО ""КОНЦЕРН ""КАЛАШНИКОВ""",1832090230,,,
102,"АО ""НОВАПОРТ-ГСМ""",7707530340,,,
103,МИНИМУЩЕСТВО РОСТОВСКОЙ ОБЛАСТИ,6163021632,,,
104,"ООО ""НЕВА-6""",7804024036,,,
105,"ООО ""ЛУКОЙЛ-АЭРО""",7702354081,,,
106,"ООО ""АЭРОПОРТ ТОМСК""",7014044882,,,
107,"АО ""БСКБ ""ВОСТОК""",2221181133,,,
108,"АО ""КОНЦЕРН ""СОЗВЕЗДИЕ""",3666127502,,,
109,"ООО ""ВНГ""",8904094487,,,
110,"ООО ""ТЗК ""ПЛАНЕТА""",3664067801,,,
111,"ООО ПКФ ""АТЛАНТИС-ПАК""",6163026503,,,
112,"ООО ""ИНТЕР ФОРЕСТ РУС""",9703043283,,,
113,"ПАО ""СЕГЕЖА ГРУПП""",9703024202,,,
114,"ООО ""ТАВР-ИМУЩЕСТВЕННЫЙ КОМПЛЕКС""",6165181945,,,
115,"ООО ""ИНТЕРГЕОПРОЕКТ""",7710405766,,,
116,"ООО ""АПИК""",6102063473,,,
117,"ПАО ""ТРАНСНЕФТЬ""",7706061801,,,
118,"ООО ""СТРОЙ-ПРОФИТ""",7728281208,,,
119,"АО ""НПП ""ФАЗА""",6152000912,,,
120,"АО ""ЭР-ТЕЛЕКОМ ХОЛДИНГ""",5902202276,,,
121,"ООО ""СТАРТАП-СТУДИЯ ДВФУ""",2540273052,,,
122,"ООО ""УНИВЕРСИТЕТСКАЯ СТАРТАП-СТУДИЯ""",1650419070,,,
123,"АО ""РОСТОВАЭРОИНВЕСТ""",6163123680,,,
124,"АО ""АЛЬФА-БАНК""",7728168971,,,
125,"ООО УК ""РОСВОДОКАНАЛ""",5027116065,,,
126,РОСКАЧЕСТВО,9705044437,,,
127,"ООО ""АРТЕМИДА-ДОН""",6143043412,,,
128,"АО ""ГАЗПРОМ ГАЗОРАСПРЕДЕЛЕНИЕ""",7838306818,,,
129,"ПАО АФК ""СИСТЕМА""",7703104630,,,
130,"ООО ""МВМ""",7707548740,,,
131,"ООО ""ИНФОРМ""",7705514400,,,
132,"АО ""СБЕРБАНК ЛИЗИНГ""",7707009586,,,
133,"АО ""СИСТЕМА ВЕНЧУР КЭПИТАЛ""",7708215920,,,
134,"АО ""ТОМСКНЕФТЬ"" ВНК",7022000310,,,
135,"ООО ""ГАЗПРОМ ЭНЕРГО""",7736186950,,,
136,"ПАО ""НК ""РОСНЕФТЬ""",7706107510,,,
137,"АО ""ГАЗПРОМНЕФТЬ-ННГ""",8905000428,,,
138,"ООО ""ГАЗПРОМ ДОБЫЧА НАДЫМ""",8903019871,,,
139,"ООО ""ГАЗПРОМ ТРАНСГАЗ ЮГОРСК""",8622000931,,,
140,"ООО ""НОВЫЕ ЦИФРОВЫЕ РЕШЕНИЯ""",7707415098,,,
141,"ПАО ""ЭСЭФАЙ""",6164077483,,,
142,"АО ""СПЕЦИАЛИЗИРОВАННЫЙ ДЕПОЗИТАРИЙ ""ИНФИНИТУМ""",7705380065,,,
143,"ООО ""БАЛАНС ЭССЕТ МЕНЕДЖМЕНТ""",7727528950,,,
144,"ООО ""ТПМ СЕКЬЮРИТИЗАЦИЯ""",9702043989,,,
145,"ООО ""УК ""АГАНА""",7706219982,,,
146,"ФОНД ""ПРОГРЕСС-1""",9702021569,,,
147,"ООО ""ДОМ.РФ УПРАВЛЕНИЕ АКТИВАМИ""",7704366195,,,
148,"ООО ""УК ""ЛЕРТА КАПИТАЛ""",3906328893,,,
149,"ООО ""ЦЕНТР ЭКСПЕРТИЗ""",9702036646,,,
150,"ООО ""ГАЛС-ДЕВЕЛОПМЕНТ""",9705138170,,,
151,"ООО ""ЛАБИРИНТ-М""",7727777402,,,
152,"АО ""МТТ""",7705017253,,,
153,"ООО ""ИРТ""",9714017292,,,
154,"ЗПИФ комбинированный ""Мегаполис капитал""",7723566915,,,
155,"ООО ""ЦЕНТРКАСПНЕФТЕГАЗ""",7728297783,,,
156,"ООО ""МЕРКУРИЙ РИТЕЙЛ ХОЛДИНГ""",9703127582,,,
157,ООО СБЕРЕЖЕНИЯ ПЛЮС,7722270922,,,
158,ДЕПАРТАМЕНТ ИМУЩЕСТВЕННЫХ ОТНОШЕНИЙ КРАСНОДАРСКОГО КРАЯ,2308077553,,,
159,"ПАО ""Т ПЛЮС""",6315376946,,,
160,"ООО ""ГАЗПРОМ ПЕРЕРАБОТКА""",1102054991,,,
161,"ООО ""АВЕЛАР СОЛАР ТЕХНОЛОДЖИ""",7701921436,,,
162,"ООО ""ЛОКОТЕХ-СЕРВИС""",7704758153,,,
163,"ООО ""РТ-ЭНЕРГО""",7729663922,,,
164,"ООО ""ЧАЙКА МЕДИА ГРУП""",7717741742,,,
165,"ООО ""ОЙЛ ТЕХНОЛОДЖИС""",7728731619,,,
166,"ЗАО ""НЕДВИЖИМОСТЬ ЦЕНТР ШАТУРА""",7725710145,,,
167,"АО ""ЭНЕРГОСБЫТ ПЛЮС""",5612042824,,,
168,"ООО ""ФОТОН СОЛЮШН""",9729036562,,,
169,"ОБЩЕСТВЕННАЯ ОРГАНИЗАЦИЯ ""ДЕЛОВАЯ РОССИЯ""",7722257336,,,
170,"ПАО ""ВЫМПЕЛКОМ""",7713076301,,,
171,"ПАО ""МЕГАФОН""",7812014560,,,
172,"РАО, РОССИЙСКОЕ АВТОРСКОЕ ОБЩЕСТВО",7703030403,,,
173,"АО ""МИР""",7704760674,,,
174,"АО ""РОСЭЛЕКТРОНИКА""",7710277994,,,
175,"АО ""КОРПОРАЦИЯ ""МСП""",7750005919,,,
176,"Фл ""Оренбургэнерго"" ПАО ""Россети Волга""",6450925977,,,
177,"ООО ""УК ""ГЖЕЛЬ""",5040092977,,,
178,"ООО ""ГАЗЭКС ХОЛДИНГ""",5024214378,,,
179,"АО ""НТЦ ""АТЛАС""",9715389053,,,
180,"ООО ""ЛУКОЙЛ-РНП-ТРЕЙДИНГ""",9705083130,,,
181,"ООО ""ГАЗПРОМ ТРАНСГАЗ УХТА""",1102024468,,,
182,"ООО ""ГПН-ФИНАНС""",8601017300,,,
183,"АО ""СУМЗ"", АО ""СРЕДНЕУРАЛЬСКИЙ МЕДЕПЛАВИЛЬНЫЙ ЗАВОД""",6627001318,,,
184,"ОАО ""РЖД""",7708503727,,,
185,"ГУП КК ""ЦИТ""",2308065195,,,
186,"ООО ""РЕДАКЦИЯ ГАЗЕТЫ ""ГОРЯЧИЙ КЛЮЧ""",2305027723,,,
187,"АО ""ЖЕЛДОРРЕММАШ""",7715729877,,,
188,ВГТРК,7714072839,,,
189,"АО ""РТ-ПРОЕКТНЫЕ ТЕХНОЛОГИИ""",7724804619,,,
190,"ООО ""РОСТЕЛЕКОМ-ЦИФРОВЫЕ РЕГИОНЫ""",7704305026,,,
191,"ООО ""БИТРЕЙД СЛАВЯНКА""",3025007170,,,
192,"НП ""АИР ЮФО""",6163075028,,,
193,"МОО ""МОСКОВСКАЯ АССОЦИАЦИЯ ПРЕДПРИНИМАТЕЛЕЙ""",7710051524,,,
194,"АССОЦИАЦИЯ ""НП ""ОПОРА""",7730146005,,,
195,ДЕПАРТАМЕНТ ГОРОДСКОГО ИМУЩЕСТВА ГОРОДА МОСКВЫ,7705031674,,,
196,"ООО ""ГК ""ФЕРРО-ЭСТЕЙТ""",7701270544,,,
197,"АО ""СИБУР-РТ""",1655020761,,,
198,"АО ""МОСИНЖПРОЕКТ""",7701885820,,,
199,"ПАО ""НИЖНЕКАМСКНЕФТЕХИМ""",1651000010,,,
200,"ПАО ""СИБУР ХОЛДИНГ""",7727547261,,,
201,"ООО ""ЕВРАЗ""",7701225358,,,
202,АО ГРУППА СИНАРА,6658252583,,,
203,"ПАО ""РОССЕТИ ЦЕНТР""",6901067107,,,
204,МИНМОСОБЛИМУЩЕСТВО,7725131814,,,
205,"ПАО ""ТАТНЕФТЬ"" ИМ. В.Д. ШАШИНА",1644003838,,,
206,"ПАО ""ТМК""",7710373095,,,
207,"ООО ""ЛОКОТЕХ""",7715900556,,,
208,"ООО ""РН-СЕРВИС""",7706660065,,,
209,"ООО ""МЕГАПОЛИС""",2315157143,,,
210,"ООО ""КОНЦЕРН ""РОССИУМ""",5032152372,,,
211,"ООО ""АРКТИК БАЛКЕР""",2469004757,,,
212,"ООО ""РИГЛА""",7724211288,,,
213,"ООО ""РКС ДЕВЕЛОПМЕНТ""",7703669888,,,
214,"АО ""СГ-ТРАНС""",7740000100,,,
215,"АО ""РАЗВИТИЕ АКТИВОВ""",7713653904,,,
216,"ООО ""АЛАЗЕЯ КАПИТАЛ""",7730258679,,,
217,"ООО ""ИНВЕСТ АГ""",7730656856,,,
218,"АО ""ЕВРАЗ НТМК""",6623000680,,,
219,"АО ""ЭФКО ПРОДУКТЫ ПИТАНИЯ""",7705274941,,,
220,"ООО ""РН-АКТИВ""",7706584449,,,
221,"ООО ""БРЯНСКЭЛЕКТРО""",7731480563,,,
222,"ООО ""РИ2""",7725363004,,,
223,"АО ""СЕТЕВАЯ КОМПАНИЯ""",1655049111,,,
224,"ООО ""ОЗОН ФУЛФИЛМЕНТ СЕРВИСИС""",9703037770,,,
225,"ООО ""СЗД""",5919492823,,,
226,"ООО СЗ ""ОДЕОН""",5024221858,,,
227,"АО ""МЕЖГОСУДАРСТВЕННАЯ КОРПОРАЦИЯ РАЗВИТИЯ""",5504223661,,,
228,"ООО ""ШТАНДАРТ""",5032093166,,,
229,"ООО ""СОЛАР-ПТ""",9705144745,,,
230,ДЕПИМУЩЕСТВА ЮГРЫ,8601003917,,,
231,"ООО ""ВИЗИОН""",9705208565,,,
232,"ООО ""КС - АВТО""",3525123840,,,
233,"ООО ""ТЕХНОПАРК ""ТРАКТОРОЗАВОДСКИЙ""",7452046148,,,
234,ДЕПАРТАМЕНТ ИМУЩЕСТВЕННЫХ ОТНОШЕНИЙ ТЮМЕНСКОЙ ОБЛАСТИ,7202138460,,,
235,"АО ""РОСНАНО""",7728131587,,,
236,"АО ""ВЕСТЕЛКОМ""",7703081503,,,
237,"АО ""СТМ""",6672241304,,,
238,"ООО ""АЕОН-ДЕВЕЛОПМЕНТ""",7704640264,,,
239,ДЕПАРТАМЕНТ СТРОИТЕЛЬСТВА ГОРОДА МОСКВЫ,7707639796,,,
240,"ГУП ""МОСКОВСКИЙ МЕТРОПОЛИТЕН""",7702038150,,,
241,"ООО ""ГПН-ИНВЕСТ""",7728678933,,,
242,"ОАО ""УК РУСЭНЕРГОКАПИТАЛ""",4401091193,,,
243,"ООО ""МЦГР""",9703013183,,,
244,"АО ""КЭС""",5024037961,,,
245,"АО ""КПЭС""",5024105629,,,
246,"ООО ""А-ИНВЕСТ""",9709086325,,,
247,"ООО ""БИРЮЧ""",3122002473,,,
248,"АО ""КРЭТ""",7703695246,,,
249,"ООО ""РКС-МОСКВА""",9705102400,,,
250,"ООО ""СОЛАР СЕКЬЮРИТИ""",7718099790,,,
251,"ООО ""ЛЛК-ИНТЕРНЕШНЛ""",7702583250,,,
252,"АО ""ГОСТИНИЦА ""КОЛОС""",7203229328,,,
253,"ООО ""МСП""",7735595558,,,
254,"АО ""СГ-ТРЕЙДИНГ""",7704833717,,,
255,"ООО ""ГАЗПРОМ МЕЖРЕГИОНГАЗ СЕВЕР""",7838042298,,,
256,"ООО ""АЛЛЕГРО""",6623130104,,,
257,"АО ""ПРОТЕК""",7715354473,,,
258,"АО ""РЖД УПРАВЛЕНИЕ АКТИВАМИ""",7708182801,,,
259,"АО ""КОРПОРАЦИЯ ПОПОВ РАДИО""",9706010896,,,
260,"ПАО ""РОССЕТИ ЦЕНТР И ПРИВОЛЖЬЕ""",5260200603,,,
261,АО ЦВ ПРОТЕК,7724053916,,,
262,"ООО ""СЕЧЕНОВ.ПРО""",9715374191,,,
263,"АО ""МОСКАПСТРОЙ""",7710043065,,,
264,"АО ""ГАЗПРОМНЕФТЬ - МНПЗ""",7723006328,,,
265,"ООО ""НСДЖИПИ-АКТИВЫ""",9704015401,,,
266,"ООО ""ГАЗСТРОЙКОНТРОЛЬ""",5047064048,,,
267,"АО ""КОРПОРАЦИЯ РАЗВИТИЯ""",6671199917,,,
268,"ООО ""РИ-ИНВЕСТ""",7705551779,,,
269,"АО ""ЦЕНТРАЛЬНАЯ ППК""",7705705370,,,
270,МИНЭКОНОМРАЗВИТИЯ РОССИИ,7710349494,,,
271,"ООО ""БПО ""ПЕЧАТНИКИ""",9714024518,,,
272,"ООО ""РН-РЕМОНТ НПО""",6340006106,,,
273,"АО ""МОСЭНЕРГОСБЫТ""",7736520080,,,
274,"ООО ""ГПС""",9731090983,,,
275,"ООО ""НКЦ""",9710076441,,,
276,"АО ""БИЗНЕС-НЕДВИЖИМОСТЬ""",7708797121,,,
277,"АО ""ГКНПЦ ИМ. М.В. ХРУНИЧЕВА""",7730239877,,,
278,"ООО ""СБК КОМПЛЕКТ""",7714437889,,,
279,"АО ""КАЛУГАПУТЬМАШ""",4029000018,,,
280,"ООО ""РЕЙЛ-ЛИЗИНГ",9709071294,,,
281,"ПАО ""КОСТРОМСКАЯ СБЫТОВАЯ КОМПАНИЯ"", ПАО ""КСК""",4401050567,,,
282,"АО ""НПП ""САЛЮТ""",5261079332,,,
283,"АО ""НАУЧНЫЕ ПРИБОРЫ""",7826012838,,,
284,"АО ""ОМСК-ПРИГОРОД""",5505034152,,,
285,"ООО ""КАПИТАЛ""",3525137836,,,
286,"ООО ""РЖД-ТЕХНОЛОГИИ""",7708331203,,,
287,"ООО ""ЦЕНТР ИНДУСТРИАЛЬНЫХ БИОТЕХНОЛОГИЙ""",3111006885,,,
288,"ООО ""ЦТТ""",1655202377,,,
289,"ГУП ТО ""ТРТЦ""",7224016000,,,
290,"ОАО ""ОМСКИЙ АЭРОПОРТ ""ФЁДОРОВКА""",5501235820,,,
291,"ООО ""ДЕЛЬТА-ТРАНС-ИНВЕСТ""",7707501389,,,
292,"АО ""МФ ТЕХНОЛОГИИ""",7707405050,,,
293,МИНЗЕМИМУЩЕСТВО РЕСПУБЛИКИ ТАТАРСТАН,1655043430,,,
294,"ООО ""ИНТЕРНЕТ РЕШЕНИЯ""",7704217370,,,
295,"ФЛ ""НИЖНОВЭНЕРГО"" ПАО ""РОССЕТИ ЦЕНТР И ПРИВОЛЖЬЕ""",5260200603,,,
296,"ООО ""ИПОТЕКА СТРОИТЕЛЬСТВО УПРАВЛЕНИЕ""",7203514501,,,
297,"ЗАО ""ПРСД""",7710198911,,,
298,"ООО ""УК ПРОМСВЯЗЬ""",7718218817,,,
299,"ООО ""УК ""БФА""",7825481139,,,
300,"ООО ""УК ""АТЛАНТА""",7706651991,,,
301,"АО ""КУБАНСКАЯ УПРАВЛЯЮЩАЯ КОМПАНИЯ""",2309084747,,,
302,"ООО ""ТЕТИС КЭПИТАЛ""",7709853192,,,
303,"АО ""НКК""",7707592234,,,
304,"ООО ""АГЕНТСТВО ПО УПРАВЛЕНИЮ АКТИВАМИ ""ИМПУЛЬС""",7715648191,,,
305,"ООО ""АКТИВ ИНВЕСТ""",9715010155,,,
306,"АО ""УК ""РЕГИОНБИЗНЕСПРОЕКТ""",7723817189,,,
307,"АО ""ПЕТЕРБУРГ-ИНВЕСТ""",7825680984,,,
308,"АО ""КДВ""",7017166840,,,
309,"ООО ""УК ВЕЛЕС МЕНЕДЖМЕНТ""",7703523568,,,
310,"АО ""МЕЧЕЛ-МАЙНИНГ""",5406437129,,,
311,"ООО ""ДЕЛО-ЦЕНТР""",7710279110,,,
312,"АО ""МЕТАЛЛСЕРВИС""",7721040281,,,
313,"АО ""ТВЭЛ""",7706123550,,,
314,"АО ""ИК ""ЛИДЕР""",7726661740,,,
315,"ООО ""УК ""ГЕОКАПИТАЛ""",5029144685,,,
316,"ООО ""ГАРАНТ СЕРВИС""",8905065312,,,
317,АО ВИМ ИНВЕСТИЦИИ,7701140866,,,
318,"ООО УК ""АУРУМ ИНВЕСТМЕНТ""",7706660033,,,
319,"ООО ""РН-КОММЕРЦИЯ""",7706238400,,,
320,"АО УК ""РВМ КАПИТАЛ""",7722563196,,,
321,"ООО ""ТРАНСЭНЕРГОПРОМ""",7731411714,,,
322,"АО УК ""ПЕРВАЯ""",7710183778,,,
323,"АО ""УК ""ИНФРАСТРУКТУРНЫЕ ИНВЕСТИЦИИ""",7707525541,,,
324,"ООО ""УК ""СВИНЬИН И ПАРТНЕРЫ""",7806138649,,,
325,"АО ""ОЧАКОВО-ПРОМЖЕЛДОРТРАНС""",7729566510,,,
326,"ООО ""РУК""",4253029657,,,
327,"ООО ""ВИНДРОТОР""",5246048788,,,
328,"АО ""ВКУСВИЛЛ""",7734443270,,,
329,"ООО ""РУСЭНЕРГОСБЫТ""",7706284124,,,
330,"ООО ""МОТОРИКА""",7719402047,,,
331,"ООО ""ГРУППА ""АРКТИК ЭНЕРДЖИ""",9704085543,,,
332,"ООО ""УТ ""ПЭФ""",5024179395,,,
333,"ООО ""КЭШФЛОУ""",9703166528,,,
334,"ООО ""АМТ""",7017372835,,,
335,"ООО ""ЭКОЛОГИЯ ВОДОСНАБЖЕНИЯ""",7730308175,,,
336,ООО ВТБ ДЕВЕЛОПМЕНТ,7842182650,,,
337,"АО ""АБ ""РОССИЯ""",7831000122,,,
338,"АО ""СТРОЙСЕРВИС""",4234001215,,,
339,"ООО ""ЕТК ПРОМО ПРОДАКШН""",7701369832,,,
340,"ПАО ""МЕЧЕЛ""",7703370008,,,
341,"ООО ""БАЛТИКСТРОЙАЛЬЯНС""",9731114049,,,
342,"ООО ""Т2 МОБАЙЛ""",7743895280,,,
343,"АО ""НАУЧНО-ПРОИЗВОДСТВЕННАЯ КОРПОРАЦИЯ ""УРАЛВАГОНЗАВОД""",6623029538,,,
344,"ЗАО ""ЛИДЕР""",5018026672,,,
345,"ООО ""ФЛЕКСЛАБ""",7801203710,,,
346,"ООО ""СВЯЗЬ ВСД""",7713339141,,,
347,"ООО ""ЛИНКС ХОЛДИНГ""",7713486322,,,
348,"ООО ""ФЭМИЛИ ЮНИКОРН""",7806573507,,,
349,"ООО ""УК МЕЧЕЛ-МАЙНИНГ""",5410020539,,,
350,"ООО ""ТЕХНОПРОМ""",9701020273,,,
351,"ООО ""РН-АЭРО""",7705843041,,,
352,"ООО ""МИРАНДА-МЕДИА""",7702527584,,,
353,"АО ""РАСЧЕТНЫЕ РЕШЕНИЯ""",7727718421,,,
354,"ЗПИФ недвижимости ""Атриум""",7727528950,,,
355,"ЗПИФ комбинированный ""АФМ. Росдевелопмент""",7706761602,,,
356,"ООО ""НЕВА-11""",7804382465,,,
357,"АО ""РТ-ИНВЕСТ""",9705094910,,,
358,"ЗПИФ акций ""Альтернативные инвестиции""",7705903220,,,
359,"ЗПИФ комбинированный ""Аренда Нежилых Помещений""",7721802356,,,
360,"ЗПИФ комбинированный ""АФМ. Орифа""",5612065074,,,
361,"АО ""АТС""",7703651792,,,
362,"ООО ""ТЕХНОСПАРК ВЕНЧУРС""",7751242052,,,
363,"ООО ""МАГАЗИН БУДУЩЕГО""",7751035377,,,
364,"ООО ""ЛУКОЙЛ-ЦЕНТРНЕФТЕПРОДУКТ""",7701285928,,,
365,"ООО ""НХТК""",7727344230,,,
366,"ЗПИФ рентный ""Стратегические инвестиции""",7705934845,,,
367,"АО ""НСД""",7715159793,,,
368,"ЗПИФ рентный ""Земельный""",7705934845,,,
369,"ЗПИФ комбинированный ""Антарес""",7718581523,,,
370,"ЗПИФ комбинированный ""ДТ КАПИТАЛ""",7702526051,,,
371,"АО ""СПЕЦРЕМОНТ""",7704726232,,,
372,"ООО ""ОРЛОВСКИЕ ЧЕРНОЗЕМЫ""",5709004910,,,
373,"АО ""ЧУВАШСКАЯ ЭНЕРГОСБЫТОВАЯ КОМПАНИЯ""",2128700232,,,
374,"ПАО ""РОССЕТИ ВОЛГА""",6450925977,,,
375,"ЗПИФ комбинированный ""Плавник""",7718581523,,,
376,"ПАО ""ТРАНСКОНТЕЙНЕР""",7708591995,,,
377,"ООО ""ГКС""",2315123296,,,
378,"ООО ""КДВ АГРОХОЛДИНГ""",7017302796,,,
379,"ПАО ""КОКС""",4205001274,,,
380,"АО ""ПОЛЕМА""",7105008070,,,
381,ПАО СБЕРБАНК,7707083893,,,
382,"ООО ""КВИЛЛИОН""",9709094492,,,
383,"ООО ""КТ УСАДЫ""",5009136654,,,
384,"ООО ""АИК-ИНВЕСТ""",7751246522,,,
385,ООО ВТБ ИНФРАСТРУКТУРНЫЙ ХОЛДИНГ,7703817046,,,
386,"ООО ""ПРОФЕССИОНАЛЬНЫЕ ФИНАНСОВЫЕ ТЕХНОЛОГИИ""",7743326238,,,
387,"ООО ""ПЛТ""",7703406198,,,
388,"ООО ""УБИРАТОР""",9715317764,,,
389,"ООО ""ДЕФЕНСУМ-ИНВЕСТ""",7713459135,,,
390,"ПАО ""УРАЛКУЗ""",7420000133,,,
391,"ООО ""ТЗК ПУЛКОВО""",7810393786,,,
392,"АО ""МСЗ""",5053005918,,,
393,АО ЧМЗ,1829008035,,,
394,"ООО ""АБР ДЕВЕЛОПМЕНТ""",7802923084,,,
395,"МК ООО ""ХОМО АУКТУС""",2540274313,,,
396,"АО ""РИЦ""",5753200537,,,
397,"ООО ""СБФ""",7801730315,,,
398,"ООО ""ППИТ-12""",7703824100,,,
399,"ООО ""БИЗНЕС-ФИНАНС""",7707572492,,,
400,УНИВЕРСИТЕТ ИТМО; НИУ ИТМО; ИТМО,7813045547,,,
401,"ООО ""ППИТ-15""",7703417369,,,
402,ПРАВИТЕЛЬСТВО МОСКОВСКОЙ ОБЛАСТИ,7710342058,,,
403,ДЕПАРТАМЕНТ ГОСУДАРСТВЕННОГО ИМУЩЕСТВА И ЗЕМЕЛЬНЫХ ОТНОШЕНИЙ ОРЛОВСКОЙ ОБЛАСТИ,5753004003,,,
404,"ООО ""РАЗРЕЗ ""БЕРЕЗОВСКИЙ""",4223035452,,,
405,МИНСОЦРАЗВИТИЯ МОСКОВСКОЙ ОБЛАСТИ,7714097791,,,
406,ПРАВИТЕЛЬСТВО ОРЛОВСКОЙ ОБЛАСТИ,5753010381,,,
407,ГЛАВНОЕ УПРАВЛЕНИЕ РЕГИОНАЛЬНОЙ БЕЗОПАСНОСТИ МОСКОВСКОЙ ОБЛАСТИ,5029057680,,,
408,"АО ""ДК РЕГИОН""",7708213619,,,
409,"ООО ""УК ПОРТФЕЛЬНЫЕ ИНВЕСТИЦИИ""",7706111837,,,
410,"ООО ""СИСТЕМА ТЕЛЕКОМ АКТИВЫ""",7703732681,,,
411,"ООО ""НИКОН-ИНВЕСТ""",5321121493,,,
412,"АО ""ГК ""ЭТАЛОН""",7814116230,,,
413,"ООО ""УК ДЕМЕТРА-ХОЛДИНГ""",9703074796,,,
414,"ООО ""АПХ ""МИРАТОРГ""",7704669440,,,
415,"АО ""РОСНЕФТЕГАЗ""",7705630445,,,
416,"ООО ""САМОЛЕТ-МСК""",5027298739,,,
417,"ООО ""РСХБ УПРАВЛЕНИЕ АКТИВАМИ""",7704814182,,,
418,"ООО ""УК ""ЧЕРНОГОЛОВКА""",5031126323,,,
419,"ООО ""ГАЗПРОМ ЭНЕРГОХОЛДИНГ""",7703323030,,,
420,"ООО ""ГОРОД-СПУТНИК ""ЮЖНЫЙ""",7813479671,,,
421,"ООО ""СДЕЛАЙ СВОИМИ РУКАМИ СЕВЕРО-ЗАПАД""",7802354624,,,
422,"ООО ""СМАРТКОНТРАКТ""",6154060113,,,
423,МИНОБОРОНЫ РОССИИ,7704252261,,,
424,"ООО ""НИКОН""",5321091489,,,
425,"ООО ""ДЕМЕТРА-ХОЛДИНГ""",7703467183,,,
426,"АО ""ПРОГРЕСС""",4826022365,,,
427,"ООО ""РН-ТРЕЙД""",7804303914,,,
428,"ООО ""МЕРЛИОН ДИСТРИБУЦИЯ""",5024163878,,,
429,"ООО ""ЕАС ХОЛДИНГ""",5044114004,,,
430,"ПАО ""НМТП""",2315004404,,,
431,"АО ""ВБД""",7713085659,,,
432,"ООО ""РМ-ГРУПП""",6674187405,,,
433,"АО ""ТИТАН""",2308201000,,,
434,"ООО ""ТОРГОВЫЙ ДОМ ОЗК""",7708763813,,,
435,"ЗАО АФ ""РЫЛЬСКАЯ""",4620008021,,,
436,"ГУП ""ЦУГИ""",7705059380,,,
437,"АО ""КУБАНСКИЙ БЕКОН""",2360011837,,,
438,"АО ""САНАТОРИЙ ""СЕСТРОРЕЦКИЙ КУРОРТ""",7827003258,,,
439,"ООО ""ИГЧП""",7727297533,,,
440,"ООО ""АПК ""МИХАЙЛОВСКИЙ""",7718548798,,,
441,"ООО ""ПЕРМЬ-ВОСТОК-СЕРВИС""",5904330918,,,
442,"ООО ""МЭК""",7801606237,,,
443,"ООО ""АЕОН ХОЛДИНГ ДЕВЕЛОПМЕНТ""",7704365995,,,
444,"ООО ""СП АКЦЕПТ""",5075004516,,,
445,"ООО ""АГРОТОРГ-ТРЕЙД""",5190184105,,,
446,"ООО ""НОВАПОРТ ИНВЕСТ""",7704355394,,,
447,"ООО ""ЛУКОЙЛ-ЗАПАДНАЯ СИБИРЬ""",8608048498,,,
448,"АО ""НОРИЛЬСКГАЗПРОМ""",2457002628,,,
449,"АО ""ПРОГРЕСС КАПИТАЛ""",4826063675,,,
450,"АО ""ДЦСС""",2536196045,,,
451,"АО ""СТС""",7725808905,,,
452,"ООО ""РИТЭК""",6317130144,,,
453,"ПАО ""АКРОН""",5321029508,,,
454,"ООО ""УК ""СКАЙ ЛЭНД""",7728808029,,,
455,"ООО ""ЦТЕХ""",7838102211,,,
456,"АО СЗ АПСК ""ГУЛЬКЕВИЧСКИЙ""",2329007878,,,
457,"ПАО ""МОЭК""",7720518494,,,
458,"ООО УК ""МЕТАЛЛОИНВЕСТ""",5018108484,,,
459,"ООО ""АККЕРМАНН ЦЕМЕНТ""",5607015014,,,
460,"ООО ""ОДИНЦОВСКАЯ КОНДИТЕРСКАЯ ФАБРИКА""",5032056319,,,
461,"ООО ""ГК ТРИО""",4823037028,,,
462,"ООО ""УМНЫЕ ЗЕРНА""",6154144532,,,
463,"ООО ""БИЗНЕС-РЕСУРС""",5003055021,,,
464,"АО ""ВАСИЛЬЕВСКАЯ ПТИЦЕФАБРИКА""",5809022198,,,
465,"ООО СЗ ""СТРАНА М 4""",9703112579,,,
466,"ООО ""РЕГИОН ФИНАНСОВЫЕ УСЛУГИ""",7706444025,,,
467,"АО ПАНСИОНАТ ""ПРИМОРЬЕ""",2304000550,,,
468,"АО ""ИНВЕСТПРОЕКТ""",5321057664,,,
469,"ООО ""ТД ""ЛАКТИКА""",5321122553,,,
470,"АО ""ЭТАЛОН-ФИНАНС""",7705619586,,,
471,"ООО ""НОРНИКЕЛЬ - ЕРП""",2466199794,,,
472,"ООО ""АЛТУФЬЕВО-ДЕВЕЛОПМЕНТ""",9715391599,,,
473,"АО ""ОЗК""",7708632345,,,
474,"АО ""БАЗИС ИНВЕСТ""",9706022362,,,
475,"АО ""НПФ ""БУДУЩЕЕ""",7707492166,,,
476,"ООО ""ГАЗПРОМ ГАЗОМОТОРНОЕ ТОПЛИВО""",3905078834,,,
477,"ООО ""СЗ ""СТРАНА-ЭТАЛОН""",7203526962,,,
478,"АО ""ФИНАНСОВЫЕ СИСТЕМЫ""",9731065602,,,
479,"МК ""ИНТЕРРОС КАПИТАЛ""",2540265679,,,
480,"ООО ""СД-ФИНАНС""",6685195711,,,
481,"АО ""НСРЗ""",2315007476,,,
482,"ООО ""РСХБ ФИНАНСОВЫЕ УСЛУГИ""",9703154836,,,
483,"ООО СЗ ""ТЕКТА-ОБРУЧЕВА""",9728056742,,,
484,"АО ""ТРАНСНЕФТЬ - ДРУЖБА""",3235002178,,,
485,"ООО ""АЛЕДО""",9714001831,,,
486,"ООО ""СЗ ""САМОЛЕТ-ПОЯРКОВО""",5024204154,,,
487,"ООО ""КОСМОС ОТЕЛЬ ОМСК""",5501265381,,,
488,"ООО ""ЭТАЛОН-РЕГИОНЫ""",9717104144,,,
489,"ООО ""ДМ-ФИНАНС""",9729324419,,,
490,"ФГУП ""ГВСУ ПО СПЕЦИАЛЬНЫМ ОБЪЕКТАМ""",7734003657,,,
491,"ООО ""СЗ ""САМОЛЕТ-ПЯТНИЦКИЕ КВАРТАЛЫ""",9721154042,,,
492,"ООО ""ИНТЕРАКТИВ""",7730261657,,,
493,"ООО ""ПЕПСИКО ХОЛДИНГС""",7705034202,,,
494,"ООО ""ИСЕТ ХОСПИТАЛИТИ""",7720395250,,,
495,"ООО ""УК ""ОЛИМПИК""",7701373483,,,
496,"АО ""ЦКБ ""ЛАЗУРИТ""",5263000105,,,
497,"ООО ""ЭКОТЕХСТРОЙ""",7721614377,,,
498,"ООО ""ПХК ЦСКА""",7703570430,,,
499,"ООО ""ТРАНСНЕФТЬ - БАЛТИКА""",4704041900,,,
500,"АССОЦИАЦИЯ ""ВОСТОК-СЕРВИС""",7721244493,,,
501,"ООО ""ЕАС А + Б""",5044093097,,,
502,"ООО ""ОЗК ТРЕЙДИНГ""",2310170817,,,
503,"АО ""ЛАКТИС""",5321034579,,,
504,"ТОР ""АР МО СЕВЕРСКИЙ РАЙОН""",2348980056,,,
505,"АССОЦИАЦИЯ ""РАДО""",7706460605,,,
506,СОЮЗ ЭКСПОРТЕРОВ ЗЕРНА,7708356494,,,
507,"АО ""РЕГИОН ЭСМ""",7730149408,,,
508,"ООО ""РГ ПАРТНЁР""",7727440092,,,
509,"АО ""РОСГЕО""",7724294887,,,
510,"ООО УК ""ОТКРЫТИЕ""",7705394773,,,
511,"АО ""ААА УПРАВЛЕНИЕ КАПИТАЛОМ""",7722515837,,,
512,"АО ""Р-ФАРМ""",7726311464,,,
513,"ПАО ""СЕЛИГДАР""",1402047184,,,
514,"ООО ""НИК""",4705074873,,,
515,"АО ""ТД ""КОПЕЙКА""",7715582470,,,
516,"ООО ""УК АКЦЕНТР""",7721321839,,,
517,"АО ""РХК""",7726396281,,,
518,"ООО ""РЕНОВА""",9705053872,,,
519,"ООО ""УК ""ДЕЛО""",7706434676,,,
520,"ООО ""УК ""ПРАГМА КАПИТАЛ""",7718581523,,,
521,"ООО ""ТЕХНОНИКОЛЬ-СТРОИТЕЛЬНЫЕ СИСТЕМЫ""",7702521529,,,
522,"ООО ""РЫБАКОВ ХОЛДИНГ""",7714487939,,,
523,"АО ""ГАЗПРОМ ЭНЕРГОСБЫТ ТЮМЕНЬ""",8602067215,,,
524,"АО ""ИКС 5 НЕДВИЖИМОСТЬ""",7816157915,,,
525,"ООО ""РЮРИК""",7736675904,,,
526,"ООО ""НТК""",4705076655,,,
527,ПАО ОМЗ,6663059899,,,
528,"ООО ""ДЕЛОПОРТС""",7706420120,,,
529,"ПАО БАНК ""ФК ОТКРЫТИЕ""",7706092528,,,
530,"ООО ""ТД ЧЕРКИЗОВО""",5032046575,,,
531,"ООО ""РОЛЬФ ХОЛДИНГ""",7713490583,,,
532,"АО ""ЭЛМА""",7735001395,,,
533,"ООО ""ИНФРАСТРУКТУРА ТК""",7734257891,,,
534,"ООО ""АВК ИНВЕСТМЕНТС""",7725495385,,,
535,"ООО ""РТ-КАПИТАЛ""",7704770859,,,
536,"ООО ""КРИОГАЗ""",5001071638,,,
537,"ООО ""СЗ ""ГАЛС-ШОССЕЙНАЯ""",7705930720,,,
538,"ООО ""РЕГИОН ДЕВЕЛОПМЕНТ""",7708227080,,,
539,"ООО ""ГРУППА ОРГСИНТЕЗ""",2124041155,,,
540,"АО ""ГРУППА ОРГСИНТЕЗ""",7727641232,,,
541,"ООО ""БАЗА""",6314005794,,,
542,"ООО ""МАРАТА, 6""",7840086045,,,
543,"ООО ""УНДЫТКАН""",7727480507,,,
544,"АО ""СИБАГРО""",7017012254,,,
545,"АО ""АГРОХОЛДИНГ ""СИБИРЯК""",2456015215,,,
546,"АО ""ЮТЭК""",8601022317,,,
547,"ООО ""УК ""СТРОИТЬ И ЖИТЬ""",7702743560,,,
548,"ПАО ""РОССЕТИ МОСКОВСКИЙ РЕГИОН"", ПАО ""РОССЕТИ МР""",5036065113,,,
549,"АО ""ОТЛК""",7701414235,,,
550,"АО ""ГИПРОРУДА""",7810207888,,,
551,"ООО ""РЕНОВА АКТИВ""",9705015940,,,
552,"ГРУППА ""ВИС"" (АО)",7728355650,,,
553,"АО ""УК ТФГ""",7708168370,,,
554,"ООО ""УК ""АВАНГАРД""",6658424867,,,
555,"ООО ""ФИНПРОЕКТ""",7727526624,,,
556,"ООО ""ЧЕРКИЗОВО-РАСТЕНИЕВОДСТВО""",3664078874,,,
557,"БАНК ""ТРАСТ"" (ПАО)",7831001567,,,
558,"ООО ""ТРАСТ""",7729787276,,,
559,"ООО ""ТРАСТ 3""",9729291675,,,
560,"АО ""НОВОАЛЕКСАНДРОВСКРАЙГАЗ""",2615000552,,,
561,"ЗПИФ долгосрочных прямых инвестиций ""Палитра""",7727528950,,,
562,"ЗПИФ комбинированный ""Атлантис""",7708168370,,,
563,АО ВТБ СПЕЦИАЛИЗИРОВАННЫЙ ДЕПОЗИТАРИЙ,7705110090,,,
564,"ЗПИФ комбинированный ""Олимп""",7703603950,,,
565,"ООО ""СЛАДКАЯ ЖИЗНЬ Н.Н.""",5257041777,,,
566,"ООО ""ЛУКОЙЛ-ЮГНЕФТЕПРОДУКТ""",2309051942,,,
567,"АО ""ТЕВИС""",6320000561,,,
568,"ООО ""КОМПАС ФУДС""",7113015219,,,
569,"ООО ""СИНАРА - ГОРОДСКИЕ ТРАНСПОРТНЫЕ РЕШЕНИЯ""",9709063342,,,
570,"ООО ""РВК-РАЗВИТИЕ""",7730257604,,,
571,"ООО ""ВИС КАПИТАЛ""",4705086068,,,
572,"АО ""ЯЖДК""",8904042048,,,
573,"АО ""КРСУ""",6671326347,,,
574,"АО ""КУДРЯШОВСКОЕ""",5433142195,,,
575,"ООО ""ОТКРЫТИЕ КАПИТАЛ""",9701158264,,,
576,ВЭБ.РФ,7750004150,,,
577,"ООО ""АТОМ-ТОР-НОВОУРАЛЬСК""",6682019450,,,
578,"АО ""АКАДО ХОЛДИНГ""",7726363705,,,
579,"ООО ""СМАРТ СПГ""",9729290230,,,
580,"ООО ""ЛУКОЙЛ-УРАЛНЕФТЕПРОДУКТ""",7453011758,,,
581,"АО ""КРИОГЕНМАШ""",5001000066,,,
582,"АО ""ОМСКОБЛВОДОПРОВОД""",5528022202,,,
583,"ПАО ""КАМАЗ""",1650032058,,,
584,"АО ""ШВАБЕ""",7717671799,,,
585,"ООО ""АРБИКОНДЕ""",7706750512,,,
586,"ООО ""СТФ КОНСАЛТ""",9704150369,,,
587,"АО ""ГРУППА КОМПАНИЙ ""РЕНОВА""",7727526670,,,
588,"ПАО ""РУСОЛОВО""",7706774915,,,
589,"ООО ""ГАЛИЧЛЕС""",4433000086,,,
590,"ООО ""КАРГИЛЛ""",7113502396,,,
591,"ООО ""ВАГРАН""",7707113058,,,
592,"ООО ""ТЕХСЕРВИС""",2338012377,,,
593,"ООО ""ТАУРОВСКИЙ УЧАСТОК""",7719473305,,,
594,"ООО ""АГРОКОМПЛЕКС ""КАМЫШЕВАТСКИЙ""",2361010508,,,
595,"ООО ""ЕДИНЫЙ МЕДИЦИНСКИЙ ЦЕНТР""",7842416531,,,
596,"ООО ""ТИМАНСКИЙ-1""",7714415081,,,
597,"ООО ""ЮГАНСКИЙ 22""",9718075986,,,
598,"ООО ""МИЛЛЕНИАЛ""",7725823822,,,
599,ФГУП ИГИ,7725008497,,,
600,"ООО ""КАЗИНО ФЛАМИНГО""",3664013475,,,
601,"ООО ""ЕРБОГАЧЕНСКИЙ""",9718075601,,,
602,"ООО ""ЛАБИНСКИЙ ЭЛЕВАТОР""",2314025200,,,
603,"ООО ""ПАКО""",7818002353,,,
604,"ООО ""МЕДВЕДЬ-1""",6168047095,,,
605,"ООО ""ТД ""ВЭЛАН""",6164221031,,,
606,"ООО ""ЮГАНСКИЙ 19""",7719434553,,,
607,"ООО ""АЛЬФА""",2338009705,,,
608,"ООО ""СЕВЕРО-МОИМСКОЕ""",7719430968,,,
609,"ФГУП ""ЗАВОД СИНТЕТИЧЕСКИХ ВОЛОКОН ""ЭЛАСТИК""",6225000890,,,
610,"ООО УНПЦ ""ЭКОЛОГИЯ""",1513054740,,,
611,"ООО ""ЛОНГФОРД ИНВЕСТМЕНТС""",7702504869,,,
612,"ООО ""ПУГАЧЁВСКИЙ""",9729134841,,,
613,"ФГУП ГПИ И НИИ ГА ""АЭРОПРОЕКТ""",7712037050,,,
614,"ООО ""АГРОКОМПЛЕКС ""ЕЙСКИЙ""",2361011438,,,
615,"ООО ""АЙКАЕГАНСКОЕ""",7707355353,,,
616,"ООО ""ЮКАТЕКС-ЮГРА""",8606014729,,,
617,"ООО ""БИНШТОКОВСКИЙ""",7722350751,,,
618,"ООО ""ЭДЕЛЬВЕЙС""",7710571080,,,
619,"ООО ""ЮКАТЕКС ОЙЛ""",1106025991,,,
620,"ООО ""ЗАПАДНО-МУЛТАНОВСКИЙ""",7716812415,,,
621,"ООО ""ЮГАНСКИЙ 21""",9701027127,,,
622,"ООО ""РЕГИОН-СЕРВИС""",7813125859,,,
623,"ООО ""АФ ""МОСТОВСКАЯ""",2342019375,,,
624,"ООО ""ЮГ ДЕВЕЛОПМЕНТ""",7726583210,,,
625,"ООО ""ВОСТОЧНО-ТАЛОВЫЙ""",9701086370,,,
626,"ООО АФ ""ОТРАДНЕНСКАЯ""",2372000830,,,
627,"ООО ""АГРОФИРМА ""БУРАКОВСКАЯ""",2335000084,,,
628,"ООО ""НЕБУГ""",6163074296,,,
629,"ООО ""ТАУРОВСКОЕ""",9729156958,,,
630,"ООО ""КМ-ОЙЛ""",7723686779,,,
631,"ООО ""КОМПАНЬОН""",2357007100,,,
632,"ФГУП ""НИИПА""",5010007607,,,
633,"ООО ""МОЛОДЁЖНОЕ""",7718285154,,,
634,"ООО ТД ""КАНЕВСКИЕ КОЛБАСЫ""",2334022416,,,
635,"ООО ""ЮГАНСКИЙ 16""",7718289568,,,
636,"АО ""ЗАРУБЕЖНЕФТЬ""",7701350084,,,
637,"ООО ""МАЛОАТЛЫМСКОЕ""",9715228923,,,
638,"ФГУП ""НИИФООЛИОС ВНЦ ""ГОИ ИМ. С.И. ВАВИЛОВА""",7801031476,,,
639,"ООО ""КУБАНЬАГРО-2010""",2340131928,,,
640,"ООО ""ЕДИНЫЙ МИГРАЦИОННЫЙ ЦЕНТР""",7842421041,,,
641,"ООО ""ИМПУЛЬС""",2340014501,,,
642,"ООО ""БЕЛЫЙ""",9718075552,,,
643,"ООО ""АВАНТАЖ""",2334021317,,,
644,"ООО ТД ЗАО ""ПЗ ""ВОЛЯ""",2334018603,,,
645,"ООО ""ВЭЛАН""",6166081929,,,
646,"ООО ""НОВЫЕ ТЕХНОЛОГИИ""",6163086140,,,
647,"ООО ""ОКТЯБРЬСКОЕ""",7718285073,,,
648,"ООО""ЛАЗУРИТ""",2342019142,,,
649,"ООО НПП ""СИЛИКА""",2505014432,,,
650,"ООО ""БУШКОВСКОЕ""",7709477452,,,
651,"ООО ""АГРОХОЛДИНГ""",2334021412,,,
652,"ООО ""СТК ""ФИНТЕХЛАЙН""",7728235265,,,
653,"ООО ""АБАЗАРОВСКОЕ""",9701020989,,,
654,"ООО ""ИНВЕСТСОВТЕХ""",7710566869,,,
655,"ООО ""РЕНТА ПЛЮС""",6168022630,,,
656,"АО ""РОССПИРТПРОМ""",7730605160,,,
657,"ООО "" АК ПОКРОВСКИЙ """,2362000333,,,
658,"ООО ""ПРОММАШ""",2310183527,,,
659,"ООО ""КУРГАНИНСКАГРО""",2339018075,,,
660,"ООО ""БОРЕЙ""",2340011518,,,
661,"ООО ""КАМЕНСКИЙ""",7708325496,,,
662,"ООО ""ГЛЕДЕН ИНВЕСТ""",7704684952,,,
663,"ФГУП ИЗДАТЕЛЬСТВО ""ТРАНСПОРТ""",7701021121,,,
664,"ООО ""ВЗТМ""",3435084932,,,
665,"ООО ""СЕВЕРО-ШАПКИНСКИЙ""",7707391746,,,
666,"ООО ""КР КУЗНЕЦКИЙ МОСТ""",7707664859,,,
667,"ООО ""УНИВЕРСАЛ""",2338008733,,,
668,"ООО ""АНДОРЭЙ-ИНВЕСТ""",7704563965,,,
669,"ООО ""МЕРИДИАН""",7802451547,,,
670,"ООО ""КОР МЕНЕДЖМЕНТ""",7704418069,,,
671,"ФГУП ""ВНИИХСЗР""",7723013389,,,
672,"ООО ""ВАТИ-АВТО""",3435133516,,,
673,"ООО ""ЮЖНО-УХТИНСКИЙ""",9718075136,,,
674,"ООО ""УДАЧНЫЙ""",7730238866,,,
675,"ООО ""МУЛТАНОВСКИЙ""",7728378545,,,
676,"ООО ""КИРЕНСКИЙ""",7728379041,,,
677,"ООО ""АФ ""УРОЖАЙНАЯ""",2361009220,,,
678,"ООО ""СТАРОЩЕРБИНОВСКИЙ ЭЛЕВАТОР""",2358007495,,,
679,"ООО ""КОЛБАСЫ КУБАНИ""",6168017679,,,
680,"ООО ТД ""СИГМА""",2334026192,,,
681,"ООО ""ЮЖНО-МОИМСКОЕ""",7726361426,,,
682,"ООО ""КОМПАНИЯ ПОЛЯРНОЕ СИЯНИЕ""",8300120014,,,
683,"ООО ""АГЕНТСТВО НЕДВИЖИМОСТИ ""ПОКРОВСКОЕ""",6163084777,,,
684,"ООО ""СЗ ""МАЛАЯ ГРУЗИНСКАЯ, 3.6""",7707802964,,,
685,"ООО ""ГХК БОР""",2505014954,,,
686,"АО ""ПЗЦМ"", АО ""ПРИОКСКИЙ ЗАВОД ЦВЕТНЫХ МЕТАЛЛОВ""",6226006397,,,
687,"ООО ""ВЕКТОР СЕЛИГЕР""",6913016308,,,
688,"ООО "" МЯСОПТИЦЕКОМБИНАТ "" КАНЕВСКОЙ """,2334018875,,,
689,"ООО ""ИЗДАТЕЛЬСТВО НТИ ""СУДОСТРОЕНИЕ""",7840061259,,,
690,"ФГУП ""НАЦРЫБРЕСУРС""",7702252795,,,
691,"ООО ""РЕНТА""",6168912992,,,
692,"ПАО ""ПРОМСВЯЗЬБАНК""",7744000912,,,
693,"АО ""ДОМ.РФ""",7729355614,,,
694,"ООО ""Ш.А.Р.""",2334012841,,,
695,"ООО ""БИЛ""",6161042500,,,
696,"ООО ""КОНЦЕРН ""ПОКРОВСКИЙ""",6163072316,,,
697,"ООО ""АНТАРЕС""",2312122992,,,
698,"ООО ""ПЕРВЕНСТВОТОРГ """,7710692327,,,
699,"ООО ""РАЗВИТИЕ САНКТ-ПЕТЕРБУРГА""",7801460683,,,
700,ООО КАНЕВСКОЙ ТОРГОВЫЙ ДОМ,2334022832,,,
701,"ООО ""ЦХЛС-ВНИХФИ""",7704755586,,,
702,"ООО ""АГРОКОНЦЕРН ПОКРОВСКИЙ""",2334023755,,,
703,"ООО ""ТСЗ""",2334024068,,,
704,"ООО ""АГРО ХОЛДИНГ КАНЕВСКОЙ""",2369001167,,,
705,"ООО ""СЗ ""ЛЕНИНГРАДСКИЙ ПРОСПЕКТ, 37""",7704868050,,,
706,"ООО ""КЛИНЦОВСКИЙ3""",9705106877,,,
707,"ООО ""ТУНАКСКИЙ""",9718076010,,,
708,"ООО ""МАТЮШКИНСКИЙ УЧАСТОК""",7708326429,,,
709,"ООО ""ЗАПАДНО-ТУРЫШЕВСКИЙ""",7714415067,,,
710,"ООО ""ДЖЪЕР-ТЭБУКСКИЙ""",7713446182,,,
711,"ООО ""НГДУ ВОСТОЧНАЯ СИБИРЬ""",7722411958,,,
712,"ООО ""НОВО-ТРУДОВОЙ""",7707394458,,,
713,"АО ""ГИПРОГОР""",7736564746,,,
714,"ООО ""КОМПАНИЯ ""ГАЗ И НЕФТЬ""",7705514128,,,
715,"НИЦ ""КУРЧАТОВСКИЙ ИНСТИТУТ"" - ВИАМ",7701024933,,,
716,"ФГУП ""РОСМОРПОРТ""",7702352454,,,
717,"ООО ""СОВИНТРАНС""",7703365382,,,
718,"ООО ""АГРОФИРМА НОВО-ПОКРОВСКАЯ""",6163068912,,,
719,"ООО ""МАТЮШКИНСКАЯ ВЕРТИКАЛЬ""",7022013359,,,
720,"ООО ""КОНТИНЕНТ""",7706610360,,,
721,"ООО ""ХОРТИЦА""",7801413595,,,
722,"ООО ""УПРАВЛЯЮЩАЯ КОМПАНИЯ ""ПОКРОВСКИЙ""",6163085146,,,
723,"ООО ""БИЗНЕС-ЦЕНТР ""САЛЮТ""",7707629251,,,
724,"ООО ТД ""СТАРАЯ ДЕРЕВНЯ""",2334022423,,,
725,"ООО ""ФОРМУЛА""",2347015085,,,
726,"ООО ""УК ""ВОЛЯ""",2334025181,,,
727,"ООО ""РЫБАЛОВСКОЕ""",7723418868,,,
728,"ООО ""ЮЖНО-ИРАЕЛЬСКИЙ""",9709009560,,,
729,"ООО ""ЗАПАДНО-ЛАВОЯЖСКИЙ""",9729136422,,,
730,"ООО ""НГДУ ПРИВОЛЖСКИЙ""",7722412895,,,
731,"ООО ""КОЛОДКА-КОМПОЗИТ""",6683014092,,,
732,"ООО ""БУЗУЛУКСКИЙ""",7708335776,,,
733,"АО ""НЦ ВОСТНИИ""",4205143102,,,
734,ГП КС,7725027605,,,
735,"ФГУП ""ПАНСИОНАТ ИСКРА""",5038029142,,,
736,"ДП ""ООО ТД ""ПОБЕДА""",2334018561,,,
737,"ООО ""МОСГОРМАШ""",7709679642,,,
738,"ООО ""АГРОФИРМА ""ПРИАЗОВЬЕ""",2334020440,,,
739,"ООО ""АГРОКОМПЛЕКС ""КАНЕВСКОЙ БЕКОН""",2334022649,,,
740,"ООО ТД ""ВОЛЬНАЯ СТАНИЦА""",2334023321,,,
741,"ООО ""ПРИАЗОВЬЕ""",2334023868,,,
742,"ООО ""БЕСТ""",6141042212,,,
743,"ООО АФ ""РАССВЕТ""",2314025835,,,
744,"ООО ""ДРИМНЕФТЬ""",7701996625,,,
745,"ООО ""МАРКОР""",2336024391,,,
746,"ООО ""ЛИГА ПАРК""",6163141714,,,
747,"ООО ""ЮГАНСКИЙ 18""",7722349749,,,
748,"ООО ""СЕВЕРО-АЙКУРУССКИЙ""",7725301417,,,
749,"ООО ""САМАРА-САКМАРСКИЙ""",9729132932,,,
750,"ООО ""ЮЖНОВЛАДИГОРСКИЙ""",7708325626,,,
751,"ООО ""ИЧИКТА""",7708326066,,,
752,"ООО ""ЛУГОВОЕ""",7728379027,,,
753,"ООО ""МАЙОРСКОЕ""",9718076757,,,
754,"ООО ""УЧАСТОК №1""",7713446190,,,
755,"ООО ""СОКОЛОВСКОЕ""",9701092239,,,
756,"ООО ""ФОРУМ""",7714418491,,,
757,"АО ""ИНСТИТУТ ""ЭНЕРГОСЕТЬПРОЕКТ""",7719167509,,,
758,ФГУП ГОСНИИ ГА,7712039709,,,
759,"ООО ""ФИНПРОМ""",6165093262,,,
760,"ООО ""БИЗНЕС ФИНАНС""",7727508400,,,
761,"ООО ""ЕВРОСТРОЙКОМПЛЕКС""",7704530247,,,
762,"ООО ""КАНЕВСКОЙ ЭЛЕВАТОР""",2353019916,,,
763,"ООО ""ПРОМГАЗЭНЕРГО""",7733652666,,,
764,"ООО""ЛИМАНСКОЕ""",2361007350,,,
765,"ООО ""АГРОФИРМА ""НОВОЩЕРБИНОВСКАЯ""",2361007343,,,
766,"ООО ""АГРОФИРМА ""ДОЛЖАНСКАЯ""",2361007375,,,
767,"ООО ТД ""КОНЦЕРН ""ПОКРОВСКИЙ""",2334023970,,,
768,"ООО ""АЙТЭМС""",6141042163,,,
769,"ООО ""АПП ""РОДИНА""",2314025592,,,
770,"ООО ""МТ""",6163125423,,,
771,"ООО ""АГРО-ЭКСПЕРТ""",6163129234,,,
772,"ООО ""СКВАЖИНЫ СУРГУТА""",8602204165,,,
773,"ООО ""УК ""ПОБЕДА""",2334025199,,,
774,"ООО ""СЕВЕРО-МОЛОДЁЖНОЕ""",7718285161,,,
775,"ООО ""АЙ-КУРУССКИЙ""",7743134286,,,
776,"ООО ""КАЗАРКИНСКИЙ ВОСТОЧНЫЙ""",7708325640,,,
777,"ООО ""ИЧЕРСКИЙ ЮЖНЫЙ""",9718075489,,,
778,"ООО ""УСБК""",7713446672,,,
779,"ООО ""СИТИ-БОКС МАГИСТРАЛЬНЫЙ""",7714451805,,,
780,"ООО ""СТАРОТЕПЛОВСКИЙ""",7713470442,,,
781,"ООО ""ПРИЛЕНСКИЙ""",9723118018,,,
782,"ООО ""МОКТАКОНСКИЙ""",9723118628,,,
783,"ООО ""ТЕРИБЕРКА ПРОЕКТ""",5105014240,,,
784,"ООО ""БОЛЬШЕЮГАНСКИЙ""",9723124220,,,
785,"ООО ""ГАРМОНИЯ ХОЛДИНГ""",5047255733,,,
786,"ООО ""ТЕМАК-ИНЖИНИРИНГ""",7606125240,,,
787,"ООО ""ФУДМАРКЕТ""",9704102238,,,
788,"ООО ""ЛЬВА ТОЛСТОГО, Д. 14""",9704102220,,,
789,"ООО ""ТРЕЙД МАРК КОМПАНИ""",9704135233,,,
790,"ООО ""ЧЕГЕТ""",9704138474,,,
791,"ООО ""СВОЕ ЗЕРНО""",2363002189,,,
792,"ООО ""ПРОЕКТ БЕЛОКУРИХА ГОРНАЯ""",2203004861,,,
793,"ФГУП ""ПО ""МАЯК""",7422000795,,,
794,"ФГУП ""ПСЗ""; ФГУП ""ПРИБОРОСТРОИТЕЛЬНЫЙ ЗАВОД""",7405000428,,,
795,"ФГУП ""НИТИ ИМ. А.П. АЛЕКСАНДРОВА""",4714000067,,,
796,"ФГУП ""ФЭО""",4714004270,,,
797,"ФГУП ""КОМБИНАТ ""ЭЛЕКТРОХИМПРИБОР""",6630002336,,,
798,АО АСЭ,7701186067,,,
799,"ФГУП ""ГХК""",2452000401,,,
800,"ФГУП ""ВНИИА""",7707074137,,,
801,"АССОЦИАЦИЯ ""Я-ПРОФЕССИОНАЛ""",9701121916,,,
802,"АО ""АРКТИКГАЗ""",8904002359,,,
803,"ООО ""МЕРЕТОЯХАНЕФТЕГАЗ""",8903034220,,,
804,"АО ""УК ""КУЗБАССРАЗРЕЗУГОЛЬ""",4205049090,,,
805,"ООО ""ТМХ-ЭНЕРГЕТИЧЕСКИЕ РЕШЕНИЯ""",9704036610,,,
806,"АО ""ЦИФРОВЫЕ ПЛАТФОРМЫ И РЕШЕНИЯ УМНОГО ГОРОДА""",9706002422,,,
807,"ООО ""ТЕЛЕКОМ-5""",7704313732,,,
808,"ООО ""СМ МЕНЕДЖМЕНТ""",9713003586,,,
809,"ООО ""ХОЛДИНГ ТРАНСКОМПОНЕНТ""",7708799016,,,
810,"ООО ""АКВА ИНВЕСТ""",7725389450,,,
811,АССОЦИАЦИЯ БОЛЬШИХ ДАННЫХ,7707421454,,,
812,"ООО ""ЭНЕРГОДРАЙВ""",9725091234,,,
813,"ООО ""МЕДИА СЕРВИС""",3123287655,,,
814,"АО ""КАВКАЗ.РФ""",2632100740,,,
815,"ООО ""ЭЛТК УРАЛ""",6686106792,,,
816,"СОЮЗ ""НМП""",7706414648,,,
817,"АНО ""ПРО"", АНО ""ПЛАТФОРМА ПРЕДПРИНИМАТЕЛЕЙ""",9705135074,,,
818,"ООО ""ЭЛ.АЙ.СИ""",7709126574,,,
819,"ООО ""АТИ""",7706806518,,,
820,"АО ""ДРАГА""",7704011964,,,
821,"ООО ""ГАЗПРОМНЕФТЬ-САХАЛИН""",6501115388,,,
822,"ООО ""АГРОТОРГ""",7825706086,,,
823,"ООО ""ВИКТОРИЯ БАЛТИЯ""",3905069220,,,
824,"ООО ""НСК""",7731331850,,,
825,"ООО ""ЭЛИОН""",7703504269,,,
826,"ООО ""КРИОГАЗ-ВЫСОЦК""",7728863750,,,
827,"ОАО ""ЯМАЛ СПГ""",7709602713,,,
828,"ООО ""ХОППИ ЮНИОН""",7802831436,,,
829,"ООО ""СП ПОРТОВАЯ""",7814828029,,,
830,"ООО СК ""ГАЗПРОМ СТРАХОВАНИЕ""",7702263726,,,
831,"ООО ""АЭРОПОРТ ГЕЛЕНДЖИК""",2304072434,,,
832,"АО ""ТК ""МЕГАПОЛИС""",5003052454,,,
833,"АО ""СЗ""",9106001900,,,
834,"ООО ""ПРОФИНДУСТРИЯ-ЦЕНТР""",7709629271,,,
835,"ООО ""РКЗ-ТАВР""",6165079035,,,
836,"ООО ""ЗОЛОТОВСКОЕ""",6132007148,,,
837,"ООО ""ФОРВАРД +""",6166039518,,,
838,"ООО ""АПК ""21 ВЕК""",6101034399,,,
839,"ООО ""МКЦ-ДЕВЕЛОПМЕНТ""",6163082392,,,
840,"ООО "" КРАСНОАРМЕЙСКАЯ""",6163227746,,,
841,"АО ""ПЕРЕСЛАВЛЬ-ТАБАК""",6163133897,,,
842,"ООО ""НАНСЕНА""",6163227880,,,
843,"ООО ""ГАЗПРОМ ДОБЫЧА УРЕНГОЙ""",8904034784,,,
844,"ООО ""ГАЗПРОМ ДОБЫЧА КРАСНОДАР""",2308065678,,,
845,"АО ""АЭРОПОРТ ТОЛМАЧЕВО""",5448100208,,,
846,"ООО ""АБС МАГАДАН""",9705149704,,,
847,"ООО ""АБС ОРЕНБУРГ""",9705156807,,,
848,"АО ""УРАНИУМ УАН ГРУП""",7706641432,,,
849,"АО ""КОНЦЕРН РОСЭНЕРГОАТОМ""",7721632827,,,
850,"ООО ""РР-ЭНЕРГИЯ""",7726704313,,,
851,"ООО ""ЛИДЕР КОНСОРЦИУМА ""МЦИ МБИР""",7726447190,,,
852,"ООО ""СТАРТАП-СТУДИЯ УРФУ""",6670512407,,,
853,"ООО ""ЦНН""",1327015600,,,
854,"ФГАОУ ВО ""ДАЛЬНЕВОСТОЧНЫЙ ФЕДЕРАЛЬНЫЙ УНИВЕРСИТЕТ"", ДАЛЬНЕВОСТОЧНЫЙ ФЕДЕРАЛЬНЫЙ УНИВЕРСИТЕТ, ФГАОУ ВО ДВФУ, ДВФУ",2536014538,,,
855,"Комбинированный ЗПИФ ""ЮД3""",7703603950,,,
856,"ЗПИФ недвижимости ""ЛогистикИнвест""",7703603950,,,
857,"ЗПИФ Недвижимости ""МАРТ РИЭЛТИ""",7703603950,,,
858,"Комбинированный ЗПИФ ""Московский инвестиционный дом""",7703603950,,,
859,"Комбинированный ЗПИФ ""МР ВЕРЕЙСКАЯ 1""",7703603950,,,
860,"ФЛ ПАО ""РУСГИДРО"" - ""ЗАГОРСКАЯ ГАЭС""",2460066195,,,
861,"АО ""ГАЗПРОМНЕФТЬ-АЭРО НОВОСИБИРСК""",5448106217,,,
862,"АО ""ИМЗ"", АО ""ИЖЕВСКИЙ МЕХАНИЧЕСКИЙ ЗАВОД""",1841030037,,,
863,"АО ""ТОРГОВЫЙ ДОМ ""ПЕРЕКРЕСТОК""",7728029110,,,
864,"АО ""ВОЛЖСКИЙ ОРГСИНТЕЗ""",3435900563,,,
865,"АО ""САНАТОРИЙ ""САРАНСКИЙ""",1326015170,,,
866,"АО ""АТОМРЕДМЕТЗОЛОТО""",7706016076,,,
867,"ООО ""НН ТЕХНИЧЕСКИЕ СЕРВИСЫ""",2457063268,,,
868,"ГБУ РМ ""ЦЕНТР КАДАСТРОВОЙ ОЦЕНКИ""",1325031067,,,
869,"ООО ""ИЦ ""ГАЗОТУРБИННЫЕ ТЕХНОЛОГИИ""",7725787250,,,
870,"ООО ""ГАЗПРОМНЕФТЬ - АЭРО ТОМСК""",7014050043,,,
871,"АО ""УУК""",6670175818,,,
872,"АО ""КРК ""УРАЛЕЦ""",6659101594,,,
873,"ООО ""ЛИТЭКО""",7751218998,,,
874,"ООО ""ОПЕРАТОР ЭЛЕКТРОДВИЖЕНИЯ""",9728049431,,,
875,"ООО ""НЕВСКАЯ ТРУБОПРОВОДНАЯ КОМПАНИЯ""",4707029837,,,
876,"ООО ""ДНС РИТЕЙЛ""",2540167061,,,
877,"ООО ""РОНДА""",2540044905,,,
878,"ФГУП ""ЗАВОД ИМЕНИ МОРОЗОВА""",4703009607,,,
879,"ООО ""ТЗК ВОЛГА""",3444264875,,,
880,"АО ""РКР""",6164306077,,,
881,"АО ""АЛМАЗ""",6166055693,,,
882,"ООО ""УТИНЫЙ ОСТРОВ""",6128003983,,,
883,"ООО ""ГАЗПРОМ МЕЖРЕГИОНГАЗ РОСТОВ-НА-ДОНУ""",6167049710,,,
884,"ПАО ""ГРАНИТ""",6152000817,,,
885,"ОАО ""АЭРОПОРТ РОСТОВ-НА-ДОНУ""",6166011054,,,
886,СОЮЗ НЕЗАВИСИМЫХ СЕТЕЙ,7709440004,,,
887,"ООО ""ГАЗПРОМ ГАЗОРАСПРЕДЕЛЕНИЕ ГРОЗНЫЙ""",2016005294,,,
888,"ООО ""ГАЗПРОМ ДОБЫЧА ЯМБУРГ""",8904034777,,,
889,"ООО ""ГАЗПРОМНЕФТЬ-ХАНТОС""",8618006063,,,
890,"ООО ""ГАЗПРОМНЕФТЬ-ЯМАЛ""",8901001822,,,
891,"АО ""НОВОЧЕРКАССКГОРГАЗ""",6150009405,,,
892,"АО ""СИСТЕМА-ИНВЕСТ""",7704563362,,,
893,"ПАО ""МТС""",7740000076,,,
894,"ПАО ""М.ВИДЕО""",7707602010,,,
895,"ООО ""СВК ФОНД""",7702399621,,,
896,"ООО ""НОВАТЭК-УСТЬ-ЛУГА""",4707026057,,,
897,"КСК ""НОРД"" ООО ""ГАЗПРОМ ТРАНСГАЗ ЮГОРСК""",8622000931,,,
898,"АО ""МЕЖДУНАРОДНЫЙ АЭРОПОРТ ""ВНУКОВО""",7710404473,,,
899,"ПАО НК ""РУССНЕФТЬ""",7717133960,,,
900,"ОПИФ акций ""АГАНА-Нефтегаз""",7706219982,,,
901,"ЗПИФ комбинированный ""Базис - Долгострочные инвестиции""",7704366195,,,
902,"ЗПИФ долгосрочных прямых инвестиций ""Перспективные проекты""",7704366195,,,
903,"ЗПИФ комбинированный ""Базис Риэлти""",7704366195,,,
904,"ОПИФ акций ""АГАНА-Экстрим""",7706219982,,,
905,"ЗПИФ прямых инвестиций ""Долгосрочные инвестиции - Петровский остров""",7727528950,,,
906,"ОПИФ облигаций ""АГАНА - Консервативный""",7706219982,,,
907,"ЗПИФ комбинированный ""ТехнополисДжиЭс""",3906328893,,,
908,"ЗПИФ комбинированный ""Янтарный""",3906328893,,,
909,"ОПИФ индексный ""АГАНА-Индекс ММВБ""",7706219982,,,
910,"ОПИФ смешанных инвестиций ""АГАНА - Молодежный""",7706219982,,,
911,"ОПИФ рыночных финансовых инструментов ""Ценные бумаги зарубежной недвижимости""",7727528950,,,
912,"ЗПИФ комбинированный ""Региональные инвестиционные проекты""",7706219982,,,
913,"ЗПИФ ""ПИК Ритейл 5""",7727528950,,,
914,"ЗПИФ недвижимости ""Радиант""",7727528950,,,
915,"ЗПИФ ""ПИК Ритейл 4""",7727528950,,,
916,"ООО ""СФО СИТИ ИНВЕСТ 3""",9702045697,,,
917,"ООО ""СФО СИТИ ИНВЕСТ 2""",9702045672,,,
918,"АО ""ТРИНФИКО ХОЛДИНГС""",7702330901,,,
919,"ООО ""СФО СИТИ ИНВЕСТ""",9702039887,,,
920,"АО ""СФО СИТИ ИНВЕСТ 6""",9702045087,,,
921,"АО ""СФО СИТИ ИНВЕСТ 7""",9702045094,,,
922,"АО ""СФО СИТИ ИНВЕСТ 9""",9702045129,,,
923,"АО ""СФО СИТИ ИНВЕСТ 8""",9702045111,,,
924,"ООО ""СФО РАЗВИТИЯ БАЗОВЫХ ОТРАСЛЕЙ ПРОМЫШЛЕННОСТИ""",9702043604,,,
925,"ООО ""ЛИКАРД""",3444197347,,,
926,"ООО ""ЛУКОЙЛ-НИЖНЕВОЛЖСКНЕФТЬ""",3444070534,,,
927,"АО УК ""ДЖЕНЕРАЛ КЭПИТАЛ""",7709811202,,,
928,"ООО ""АЛЬФА-М""",7743931676,,,
929,"ООО ""ПБД""",9705143325,,,
930,"ПАО ""ГАЗ-СЕРВИС""",7726510741,,,
931,"АО ""ОНИИП""",5506218498,,,
932,"АО ""ЦНИИ ""ЭЛЕКТРОНИКА""",7729033871,,,
933,"НАО ""ЦЕНТР ""ОМЕГА""",2309102040,,,
934,"ООО ""КУБАНЬТРАНССЕРВИС""",2315186659,,,
935,"НАО ""КУБАНЬГАЗИФИКАЦИЯ""",2308138460,,,
936,"ООО ПХ ""ЮБИЛЕЙНОЕ""",2364011637,,,
937,АДМИНИСТРАЦИЯ КРАСНОДАРСКОГО КРАЯ,2308038402,,,
938,"АО ""СОЛНЕЧНЫЙ ВЕТЕР""",3702736140,,,
939,"ПАО ""МЭСС""",7705654189,,,
940,"АО ""НПФ ""БЛАГОСОСТОЯНИЕ""",7707424367,,,
941,"ООО ""РТ-ЭТ""",7729667652,,,
942,"АО ""ГАЗПРОМ ГАЗОРАСПРЕДЕЛЕНИЕ ЧЕЛЯБИНСК""",7453128989,,,
943,"ООО ""ГАЗПРОМ ГАЗОРАСПРЕДЕЛЕНИЕ ТОМСК""",7017203428,,,
944,"ООО ""ГАЗПРОМ МЕЖРЕГИОНГАЗ КРАСНОДАР""",2308070396,,,
945,"ООО ""СПЕЦИАЛИЗИРОВАННЫЙ ЗАСТРОЙЩИК ""ГРАД ВЕРЕЙСКАЯ""",9721076179,,,
946,"ООО ""ЭСЭФАЙ ТРЕЙДИНГ""",9705172541,,,
947,"ООО ""ОН-МЕДИА""",7730512340,,,
948,"ООО ""ИНФИНИТИ""",7731531602,,,
949,"ООО ""НОВАТЭК-ЮРХАРОВНЕФТЕГАЗ""",8903021599,,,
950,"ООО ""ХЕВЕЛ""",2124030957,,,
951,"НП ""НИТР""",7715530908,,,
952,ФОНД КУЛЬТУРЫ И ЗАЩИТЫ ИНТЕЛЛЕКТУАЛЬНОЙ СОБСТВЕННОСТИ,7705517087,,,
953,"ООО "" ГАЗЭКС-МЕНЕДЖМЕНТ """,6626013286,,,
954,"АО ""ЦЕНТРИНФОРМ""",7841051711,,,
955,"ОП ГРС ""Кириллов"" ООО ""ГАЗПРОМ ТРАНСГАЗ УХТА""",1102024468,,,
956,"ООО ""РЕДАКЦИЯ ГАЗЕТЫ ""ВОСХОД""",2323030542,,,
957,"ООО ""ГЛОНАСС БДД""",1615013951,,,
958,"ООО ""БЭСТ ПРАЙС""",5047085094,,,
959,"АО ""КИНОСТУДИЯ ИМ. М. ГОРЬКОГО""",7717149198,,,
960,"АО ""УТЦ-АВИА-22""",5040016711,,,
961,"ГОСКОРПОРАЦИЯ ""РОСКОСМОС""",7702388027,,,
962,"АО""ЭЛС""",6724007210,,,
963,"АО ""ЛЕНФИЛЬМ""",7813200545,,,
964,"ОАО ""СМЗ""",5919470019,,,
965,"АО ""КИНЕШЕМСКАЯ ГЭС""",3703015172,,,
966,"АО ""ПЕРВЫЙ КАНАЛ""",7717039300,,,
967,"ПАО ""ОАК""",7708619320,,,
968,"ООО ""РТ-РАЗВИТИЕ БИЗНЕСА""",7704861136,,,
969,"АО САНАТОРИЙ ""ЗЕЛЕНАЯ РОЩА""",2319009266,,,
970,"АО ""МОСМЕТРОСТРОЙ""",7710068052,,,
971,"КП ""УГС""",7719272800,,,
972,"АО ""ЕЭТП""",7707704692,,,
973,"АО ""МОСКОВСКАЯ АПТЕКА""",7705681721,,,
974,"АО ""ИНЭК""",5000001074,,,
975,"АО ""ФПК""",7708709686,,,
976,"АО ""МТ ППК""",6950104591,,,
977,"ООО ""АЭРОЭКСПРЕСС""",5047066172,,,
978,"АО ""СОДРУЖЕСТВО""",1655182480,,,
979,"ООО ""ДОЛИНА""",7730618963,,,
980,"ООО ""РЕЧНИКОВ ИНВЕСТ""",7725682120,,,
981,"ООО ""ПРИОРИТЕТ""",7727828921,,,
982,"ООО ""ПЕРСПЕКТИВА ПЛЮС""",7731369614,,,
983,"ООО ""УПРАВЛЕНИЕ АКТИВАМИ""",1655061006,,,
984,"АО ""ТРК ""НОВЫЙ ВЕК""",1653021456,,,
985,"ООО ""СИБУР-ИНВЕСТ""",1674004973,,,
986,"АО ""КОСМОС ОГ""",9717146987,,,
987,"ООО ""ТПУ ""ХОДЫНСКОЕ ПОЛЕ""",9701021781,,,
988,"ООО ""ТПУ ""КРАСНЫЙ СТРОИТЕЛЬ""",9701041266,,,
989,"АО ""СОВ - НКНХ""",1651052730,,,
990,"ООО ""КНГК""",3015069280,,,
991,"ООО ""РН-РАЗВЕДКА И ДОБЫЧА""",2322026840,,,
992,"ООО ""НПП ""НЕФТЕХИМИЯ""",7723332561,,,
993,"ООО ""БИАКСПЛЕН""",5244013331,,,
994,"АО ""ЕВРАЗ ВАНАДИЙ ТУЛА""",7105008754,,,
995,"АССОЦИАЦИЯ ""НП СОВЕТ РЫНКА""",7705429930,,,
996,"ООО ""СИНАРАСТРОЙМОНТАЖ""",6685186386,,,
997,"ФЛ ПАО ""РОССЕТИ ЦЕНТР"" - ""КОСТРОМАЭНЕРГО""",6901067107,,,
998,"АО ""САНАТОРИЙ ""ЭНЕРГЕТИК""",6820019240,,,
999,"ГУП МО ""ЛЕОНОВСКОЕ""",5005001600,,,
1000,"ГУП МО ""КС МО""",5034065171,,,
1001,"АО ""ТНХИ-Х""",1653010285,,,
1002,"АО ""ОРСКИЙ МАШИНОСТРОИТЕЛЬНЫЙ ЗАВОД""",5613000880,,,
1003,"АО ""НСК""",9703019883,,,
1004,"ООО ""ЛТЛЗ""",7709460949,,,
1005,"ООО ""ЮКОРТ""",8619007581,,,
1006,"ООО ""СЗ ""ЛЕГИС""",7730618956,,,
1007,"ООО ""ХОЛДИНГОВАЯ КОМПАНИЯ ""ДОМИНАНТА""",7708780174,,,
1008,"АО ""ГСК ""ЮГОРИЯ""",8601023568,,,
1009,"АО ""АПТЕКА КАМЕЛИЯ""",7724211305,,,
1010,"ООО ""РКС-БУЛАТНИКОВО""",5032335030,,,
1011,"ООО ""РКС-НАХАБИНО""",9731102195,,,
1012,"ООО ""ПАЛАКАРТ""",7727603269,,,
1013,"ООО ""ЗМР""",6623012911,,,
1014,"ООО ""КРЦ ""ЭФКО - КАСКАД""",3122503751,,,
1015,"АО ""НИЖНЕВАРТОВСКНИПИНЕФТЬ""",8603087486,,,
1016,"ООО ""СВК ФОНД 1""",9702016047,,,
1017,"ООО ""МЕДИА-ТЕЛЕКОМ""",9705119202,,,
1018,"ООО ""АРТ ПИКЧЕРС СТУДИЯ""",7704547890,,,
1019,"ООО ""РОСТЕЛЕКОМ - РОЗНИЧНЫЕ СИСТЕМЫ""",7840306212,,,
1020,"ООО ""ОЗОН ХОЛДИНГ""",7743181857,,,
1021,"ООО ""РУШ""",5032269645,,,
1022,"ООО ""ССН МСК""",9702029381,,,
1023,"ООО ""РТК ИБ""",7704356648,,,
1024,"ООО ""СПУТНИК - УПРАВЛЕНИЕ АКТИВАМИ НТИ""",7714497327,,,
1025,"ООО ""ТОЛЬЯТТИ ИНВЕСТ""",6320073753,,,
1026,"АО ""РЭТ""",7610093697,,,
1027,"ООО ""РТК-ЦРИ""",7704356373,,,
1028,"АО ""РЫНОЧНЫЙ КОМПЛЕКС ""ЦАРИЦЫНСКИЙ""",7724561282,,,
1029,"ООО ""НГКЦ""",7706788160,,,
1030,"ООО ""ГАЗПРОМНЕФТЬ-ЗАПОЛЯРЬЕ""",7728720448,,,
1031,"ООО ""ИНВЕСТ-ОЙЛ""",5029065916,,,
1032,"ООО ""ГАРМОНИЯ""",9704033697,,,
1033,"АО ""РАДИОПРИБОР""",1659034109,,,
1034,"ООО СЗ ""ПАРИТЕТ""",9705093145,,,
1035,"ОБП ""СОЛАР СЕКЬЮРИТИ - САМАРА"" ООО ""СОЛАР СЕКЬЮРИТИ""",7718099790,,,
1036,"ООО ""ИНТЕСМО""",3448049540,,,
1037,"ООО ""АЛЬБИОН-2002""",5257056036,,,
1038,ДЕПАРТАМЕНТ ИМУЩЕСТВЕННЫХ ОТНОШЕНИЙ,7201000204,,,
1039,"АО ""МИКРОН""",7735007358,,,
1040,"АО ""КОМСОМОЛЬСКИЙ""",7704876326,,,
1041,"АО ""ТОРГОВО-СЕРВИСНЫЙ ЦЕНТР СЕВЕР""",7205003326,,,
1042,"ООО ""РЕЙЛ СЕРВИС""",9709024417,,,
1043,"АО ""ФК ""ЛОКОМОТИВ""",7718200111,,,
1044,"АО ""МОСКАПСТРОЙ-ТН""",7710891185,,,
1045,"АО ""ЦЭУ""",9722010773,,,
1046,"АО ""МОСОБЛГАЗ""",5032292612,,,
1047,"ООО ""НКНП""",5603042916,,,
1048,"ООО ""МПК""",7705935951,,,
1049,"ООО ""МОСОБЛЕИРЦ""",5037008735,,,
1050,"АО ""РПМ""",4029032450,,,
1051,"АО ""СПБМТСБ""",7840389730,,,
1052,"ООО ""ВИЭЙ ФАРМА""",7814688702,,,
1053,"ООО ""ЦТЖД""",7838100750,,,
1054,МИНИМУЩЕСТВО ОМСКОЙ ОБЛАСТИ,5503079101,,,
1055,"ООО ""УК ВЛП""",3525266729,,,
1056,ФИЦ БИОТЕХНОЛОГИИ РАН,7725030284,,,
1057,"ООО ""ПАЛЛАДА""",7224083870,,,
1058,"ООО ""ЦИФРОВЫЕ АКТИВЫ""",7736256452,,,
1059,МИНЗДРАВ РОССИИ,7707778246,,,
1060,"ГБУЗ ТО ""ОБСМЭ""",7203058175,,,
1061,"АО ""НИИСИСТЕМ""",5408223443,,,
1062,"АО ""ПОЧТА РОССИИ""",7724490000,,,
1063,"ЗПИФ комбинированный ""Кронос""",7706651991,,,
1064,"ЗПИФ долгосрочных прямых инвестиций ""Фейрглайд - Прямые инвестиции""",7715648191,,,
1065,"ОПИФ рыночных финансовых инструментов ""Мировые рынки""",7825680984,,,
1066,"ЗПИФ недвижимости ""Проектный капитал""",2309084747,,,
1067,"ОПИФ рыночных финансовых инструментов ""СТОИК - Нефть и Газ""",7825481139,,,
1068,"ЗПИФ комбинированный ""ТРАСТ""",7706651991,,,
1069,"ЗПИФ ""Стратегический""",7701140866,,,
1070,"ЗПИФ недвижимости ""Южный капитал""",2309084747,,,
1071,"ИПИФ акций ""ОПЛОТ - Металлургия""",7825481139,,,
1072,"ЗПИФ комбинированный ""РВМ Новосаратовка-Девелопмент""",7722563196,,,
1073,"ЗПИФ комбинированный ""Жилая недвижимость""",7704366195,,,
1074,"ОПИФ рыночных финансовых инструментов ""Сберегательный""",7825680984,,,
1075,"ОПИФ рыночных финансовых инструментов ""Титан""",7825481139,,,
1076,"ЗПИФ недвижимости ""Солнечный город""",7715648191,,,
1077,"ЗПИФ недвижимости ""Флагман""",2309084747,,,
1078,"ЗПИФ недвижимости ""Анапский капитал""",2309084747,,,
1079,"ЗПИФ рентный ""Аграрный""",5029144685,,,
1080,"ЗПИФ недвижимости ""Первобанк - Недвижимость""",7718218817,,,
1081,"ЗПИФ недвижимости ""Траст Девелопмент Второй""",9715010155,,,
1082,"ОПИФ рыночных финансовых инструментов ""Сбалансированный"".",7825680984,,,
1083,"ОПИФ рыночных финансовых инструментов ""Финансист""",7825481139,,,
1084,"ОПИФ рыночных финансовых инструментов ""СТОИК""",7825481139,,,
1085,"ЗПИФ НЕДВИЖИМОСТИ ""ПОКРОВСКИЙ""",2309084747,,,
1086,"ЗПИФ КОМБИНИРОВАННЫЙ ""ЕВРОПЕЙСКИЕ ПРЕДМЕСТЬЯ""",7806138649,,,
1087,"ЗПИ комбинированный фонд ""Центральный""",7701140866,,,
1088,"ЗПИФ рентный ""Коммерческая недвижимость""",6316130695,,,
1089,"ЗПИФ недвижимости ""БизнесЭстейт""",7703523568,,,
1090,"ЗПИФ кредитный ""Кубанский капитал""",2309084747,,,
1091,"Рентный ЗПИФ ""Земельные ресурсы""",7718218817,,,
1092,"ЗПИФ недвижимости ""Квадратный метр""",5029144685,,,
1093,"ОПИФ акций ""ОПЛОТ - Альтернативная энергетика""",7825481139,,,
1094,"ЗПИФ недвижимости ""Екатерининский""",2309084747,,,
1095,"ЗПИ хедж-фонд ""3Д - КИНО""",7710183778,,,
1096,"ЗПИФ недвижимости ""Кольчуга""",7715648191,,,
1097,"Рентный ЗПИФ ""Региональная недвижимость""",7718218817,,,
1098,"ЗПИФ недвижимости ""Новосаратовка-Девелопмент""",7806138649,,,
1099,"ЗПИФ комбинированный ""Омега""",7709853192,,,
1100,"ПИФ ""Универсальные активы""",7715648191,,,
1101,"ООО УК ""ПЕРВОИНВЕСТ-УПРАВЛЕНИЕ АКТИВАМИ""",6316130695,,,
1102,"ИПИФ рыночных финансовых инструментов ""ОПЛОТ""",7825481139,,,
1103,"ОПИФ рыночных финансовых инструментов ""СТОИК - Биржевые активы""",7825481139,,,
1104,"ЗПИФ недвижимости ""ЭЛИТА""",7722268930,,,
1105,"ЗПИФ комбинированный ""РИКо-Фонд""",7709853192,,,
1106,"ЗПИФ комбинированный ""Метрополия""",7706651991,,,
1107,"ЗПИФ комбинированный ""Артемида""",7706651991,,,
1108,"ЗПИФ комбинированный ""Коммерческая недвижимость""",7704366195,,,
1109,"ЗПИФ комбинированный ""ТЕХНОФОНД""",7706651991,,,
1110,"ЗПИФ комбинированный ""БОРЕЙ""",7706651991,,,
1111,"ЗПИФ прямых инвестиций ""Руснедра""",7722793640,,,
1112,"ОПИФ рыночных финансовых инструментов ""СТОИК - Мировые технологии"".",7825481139,,,
1113,"ЗПИФ недвижимости ""Сбербанк - Арендный бизнес""",7710183778,,,
1114,"ЗПИФ долгосрочных прямых инвестиций """"Форсайт плюс""",7707525541,,,
1115,"ОПИФ рыночных финансовых инструментов ""СТОИК - Акции"".",7825481139,,,
1116,"ЗПИФ комбинированный ""Профит первый""",2309084747,,,
1117,"ЗПИФ комбинированный ""Базис - Долгострочные инвестиции""",7709853192,,,
1118,"ЗПИФ НЕДВИЖИМОСТИ ""АНТЕЙ ЮГ""",7706660033,,,
1119,"ЗПИФ комбинированный ""Олимп""",7703523568,,,
1120,"ЗПИФ комбинированный ""РВМ Деловая Недвижимость""",7722563196,,,
1121,"ЗПИФ долгосрочных прямых инвестиций ""Базис""",7709853192,,,
1122,"ЗПИФ комбинированный ""Сбербанк - Долгострочные инвестиции""",7710183778,,,
1123,"ЗПИФ комбинированный ""Руснедра""",9715010155,,,
1124,"ЗПИФ недвижимости ""УФА ЭКСПО""",5029144685,,,
1125,"ЗПИФ комбинированный ""ГЕО-АКТИВ""",7806138649,,,
1126,"ЗПИФ комбинированный ""Базис Риэлти""",7709853192,,,
1127,"ЗПИФ недвижимости ""РВМ Столичная недвижимость №1""",7722563196,,,
1128,"ОПИФ рыночных финансовых инструментов ""СТОИК-Золото""",7825481139,,,
1129,"ОПИФ рыночных финансовых инструментов ""Финансист - Облигации"".",7825481139,,,
1130,"ЗПИФ комбинированный ""Профит инвестиционный""",2309084747,,,
1131,"ЗПИФ комбинированный ""Веда""",7703523568,,,
1132,"ЗПИФ комбинированный ""Паллада Капитал""",7703523568,,,
1133,"Комбинированный ЗПИФ ""Фобос""",7825680984,,,
1134,"ЗПИФ комбинированный ""Павловский плюс""",7709853192,,,
1135,"ЗПИФ комбинированный ""Раут""",7709853192,,,
1136,"ЗПИФ кредитный ""СКМ - Кредитные решения""",7729566990,,,
1137,"ЗПИФ недвижимости ""Доступное жилье 3""",7718218817,,,
1138,"ЗПИФ комбинированный ""ДЕ Фонд""",7718218817,,,
1139,"ЗПИФ недвижимости ""СКМ Капитал""",7729566990,,,
1140,"ЗПИФ недвижимости ""Прайм Недвижимость""",7718218817,,,
1141,"ЗПИФ комбинированный ""АБ Фонд""",7718218817,,,
1142,"ЗПИФ комбинированный ""Юнити Плюс""",7707525541,,,
1143,"ЗПИФ комбинированный ""Ресурс""",7722793640,,,
1144,"ЗПИФ недвижимости ""Азимут""",7718218817,,,
1145,"ЗПИФ долгосрочных прямых инвестиций ""Форвард""",7718218817,,,
1146,"ЗПИФ комбинированный ""Кредитные ресурсы""",9715010155,,,
1147,"ЗПИФ комбинированный ""Капитал Плюс""",7707525541,,,
1148,"ЗПИФ комбинированный ""СМП""",7706651991,,,
1149,"ООО ""СОРТОПРОКАТ-ЦЕНТР""",9725126416,,,
1150,"ЗПИФ комбинированный ""Союз""",7706651991,,,
1151,"ЗПИФ комбинированный ""АРГУЗ""",7706651991,,,
1152,"ЗПИФ комбинированный ""ФЕМИДА""",7706651991,,,
1153,"ЗПИФ недвижимости ""СКМ Недвижимость""",7729566990,,,
1154,АО ВТБ ДЕВЕЛОПМЕНТ,7838327945,,,
1155,"ООО ""МОРСКОЙ ПОРТ ГЕЛЕНДЖИК""",2304070885,,,
1156,"ООО ""ГАЗПРОМНЕФТЬ-ВОСТОК""",7017126251,,,
1157,"ООО ""НЕФТЕСЕРВИСНЫЕ РЕШЕНИЯ""",7728632093,,,
1158,"ЗПИФ рентный ""Доблестный витязь""",7715648191,,,
1159,"ЗПИФ недвижимости ""Кубанский""",7715648191,,,
1160,"ЗПИФ недвижимости ""Кутузовский""",7701140866,,,
1161,"ЗПИФ НЕДВИЖИМОСТИ ""АТЛАНТ""",7706660033,,,
1162,"ООО ""РОСАТОМ ЛОГИСТИКА""",9706000986,,,
1163,"ООО ""МЕТАЛЛСЕРВИС-КРАСНОДАР""",2309107401,,,
1164,"ООО ""МЕТАЛЛСЕРВИС - БРЯНСК""",3255049216,,,
1165,"ООО ""ОНТАРО""",7709427606,,,
1166,"ООО ""МЕТАЛЛСЕРВИС-БЕЛГОРОД""",3123166185,,,
1167,"ООО ""СПК УСАДЫ""",5009135192,,,
1168,"ООО ""АГРОАСПЕКТ""",7715277300,,,
1169,"ООО ""КДВ ГРУПП""",7017094419,,,
1170,"ПАО ""ЮЖНЫЙ КУЗБАСС""",4214000608,,,
1171,"АО ""ОУК ""ЮЖКУЗБАССУГОЛЬ""",4216008176,,,
1172,"АО ""РУСВЭЛЛГРУП""",7724462362,,,
1173,"ООО ""ИННОВАЦИОННОЕ РАЗВИТИЕ""",7714857315,,,
1174,"ООО ""ТКК""",6952036026,,,
1175,"АО ""ГЛАВНАЯ ДОРОГА""",7726581132,,,
1176,"ООО ""ПРОМЕТЕЙ""",5074053542,,,
1177,"ООО ""СФО ""ФИНАНСОВЫЕ СТРАТЕГИИ""",9710086778,,,
1178,"АО ""НК НПЗ""",6330000553,,,
1179,"ООО ""ЖЕЛДОРФИНАНС""",7729612364,,,
1180,"АО ""МГАО ПРОМЖЕЛДОРТРАНС""",7723015315,,,
1181,"АО ""ТПТУ""",4214001270,,,
1182,ОООРУП,7708240838,,,
1183,"ОАО ""НИИМЕСТПРОМ""",5259006351,,,
1184,"ООО ""ПРОЕКТНЫЙ ОФИС""",7720484654,,,
1185,"ООО ""ВКУСВИЛЛ КАФЕ""",7734487905,,,
1186,"ООО ""РУСЭНЕРГОСБЫТ СИБИРЬ""",2465115953,,,
1187,"ООО ""КАРБОН""",7704493235,,,
1188,"ООО ""АГК-1""",9705068572,,,
1189,"ООО ""КОУЛМЭН ГРУП""",7725438098,,,
1190,ФГБОУ ВО СИБГМУ МИНЗДРАВА РОССИИ,7018013613,,,
1191,"ООО ""ЦКМ""",7017260497,,,
1192,"ООО ""РКС-ХОЛДИНГ""",7704836475,,,
1193,"АО ""РИРЦ""",5030081133,,,
1194,"Макрорегиональный филиал ""Центр"" ОАО междугородной и международной электрической связи ""Ростелеком""",7707049388,,,
1195,"ООО СП ""БАРЗАССКОЕ ТОВАРИЩЕСТВО""",4203000074,,,
1196,"АО""НИИ""ГИРИКОНД""",7802144144,,,
1197,"ООО ""ХИП ХОП КАФЕ""",7703785556,,,
1198,"ООО ""ФОНКОР""",7726752148,,,
1199,"ООО ""МЕЧЕЛ-ЭНЕРГО""",7722245108,,,
1200,"ООО ""ТДМ ТЕХ""",5032339596,,,
1201,"АО ""61 БТРЗ""",7819310752,,,
1202,"ООО ""СЗЦТТ""",4705059882,,,
1203,"ООО ""ФБ""",9703013899,,,
1204,"ООО ""БЕРВИНГ""",7814596473,,,
1205,"ООО ""АФМ""",5612065074,,,
1206,"ЗПИФ долгосрочных прямых инвестиций ""Технологические Инвестиции""",7714842767,,,
1207,"АО ""СОЗИДАНИЕ""",7705903220,,,
1208,"ООО УК ""ФИН-ПАРТНЕР""",7721802356,,,
1209,"ООО ""УК ДАЛЬНЕВОСТОЧНЫЙ ФОНД ВЫСОКИХ ТЕХНОЛОГИЙ""",7728437776,,,
1210,"ООО ""ПРОЕКТ ИЗБЁНКА""",7734641716,,,
1211,"ТОСП ""АЗС №50240"" ООО ""ЛУКОЙЛ-Центрнефтепродукт""",7701285928,,,
1212,"ООО ""КАПИТАЛ ЭССЕТ МЕНЕДЖМЕНТ""",7705934845,,,
1213,"ФИЛИАЛ ПАО ""РОССЕТИ ВОЛГА"" - ""ЧУВАШЭНЕРГО""",6450925977,,,
1214,"АО ""ЦОФ ""БЕРЁЗОВСКАЯ""",4203001617,,,
1215,"ООО ""ВКК""",7703457989,,,
1216,"ООО ""МАГИСТРАЛЬ ДВУХ СТОЛИЦ""",7703793405,,,
1217,"ООО ""ХОЛДИНГ МСС""",7841086979,,,
1218,"ООО ""ХОЛДИНГ ВВСС""",7810992444,,,
1219,"ООО ""МЕТРО КЭШ ЭНД КЕРРИ""",7704218694,,,
1220,"ООО ""ППИТ-13""",7703404708,,,
1221,"АО ""ТИЛТЕХ""",9729027864,,,
1222,"АО ""ТВЭЛ-СТРОЙ""",7726523814,,,
1223,"БУ ОО ""МР БТИ""",5753069882,,,
1224,"ООО ""ИТМО ВЕНЧУР ПАРТНЕРС""",7801203750,,,
1225,"ООО ""ДМ ХОЛДИНГ""",7725467660,,,
1226,"ООО ""ОРЕНБИВ""",5643020813,,,
1227,"АССОЦИАЦИЯ ""ЦЕНТРАЛЬНЫЙ ФЕДЕРАЛЬНЫЙ ОКРУГ""",7709472937,,,
1228,"ГАУ СО МО ""КЦСОР""",5017091830,,,
1229,"АО ""РОССЕЛЬХОЗБАНК""",7725114488,,,
1230,"ОАО ""НИИАТ""",7733563381,,,
1231,"ФГУП ""ГВСУ №14""",5047054473,,,
1232,"АО ""КОРПОРАЦИЯ ТУРИЗМ.РФ""",9703023632,,,
1233,"КБ ""ЕВРОТРАСТ"" (ЗАО)",7744000334,,,
1234,"ОПИФ облигаций ""Агора - фонд сбережений""",7706111837,,,
1235,"ЗПИФ недвижимости ""ТехнополисДжиЭс""",3906328893,,,
1236,"ПИФ долгосрочных прямых инвестиций ""Алгоритм""",7706111837,,,
1237,"ОПИФ РЫНОЧНЫХ ФИНАНСОВЫХ ИНСТРУМЕНТОВ ""СФЕРА""",7706111837,,,
1238,"ЗПИФ смешанных инвестиций ""Перспективный""",7706111837,,,
1239,"ОПИФ смешанных инвестиций ""Агора - открытый рынок""",7706111837,,,
1240,"ЗПИФ недвижимости ""РВМ Монолит""",7722563196,,,
1241,"ЗПИФ комбинированный ""Развитие""",7704814182,,,
1242,"ЗПИФ комбинированный ""Согласие""",7704814182,,,
1243,"ЗАО ""АБТВ""",7707057389,,,
1244,"ООО ""ОКТЯБРЬСКАЯ""",9717112321,,,
1245,"ООО ""НЗТ""",2315996886,,,
1246,"ООО ""ДЕМЕТРА ТРЕЙДИНГ""",2310175205,,,
1247,"АО ""МАВ""",3443009921,,,
1248,"ООО ""АФ ""БЛАГОДАТЕНСКАЯ""",4620009025,,,
1249,"ООО ""ТК ""МИРАТОРГ""",5009072150,,,
1250,"ООО ""САМОЛЕТ-ПРЕДПРОЕКТ-1""",5027302329,,,
1251,"ООО ""ТК ""АКВАЛАЙФ""",7719875558,,,
1252,"АО ""АКВАЛАЙФ РЕСУРС""",7751010710,,,
1253,"ООО ""ЗАСТРОЙ"" СПЕЦЗАСТРОЙЩИК""",7813654242,,,
1254,"Фл ООО ""Сделай Своими Руками Северо-Запад""",7802354624,,,
1255,"ФГУП ""ГНПП ""КРОНА""",3327101250,,,
1256,"ФГУП ""ИНЖТЕХЦЕНТР МИНОБОРОНЫ РОССИИ""",7810252947,,,
1257,ПАО СНГЕО,6315230513,,,
1258,"ООО ""МЕРЛИОН""",7719269331,,,
1259,"АО ""НИПС""",5408106323,,,
1260,"АО ""АГРОКОМПЛЕКС ПАВЛОВСКИЙ""",2360014203,,,
1261,МОЛОЧНЫЙ СОЮЗ РОССИИ,7705386973,,,
1262,"ООО ""ЭЛЕМЕНТ-ТРЕЙД""",6674121179,,,
1263,"ООО ""БАРЕТТ-ГРУПП""",6685205303,,,
1264,"АО ""РЕЗЕРВХЛЕБ""",7814339814,,,
1265,"ООО ""ОБЪЕДИНЕННЫЕ КОНДИТЕРЫ""",7705475711,,,
1266,"ООО ""НАВИС ИНЖИНИРИНГ""",9705164501,,,
1267,"ООО ""АГРОКОМПЛЕКС РОСТОВСКИЙ""",6123016298,,,
1268,"ПАО ""ГРУППА ЛСР""",7838360491,,,
1269,"ООО ""ЛАХТИНСКАЯ МАГИСТРАЛЬ""",7813665484,,,
1270,"ЗАО ""ПЕРСПЕКТИВА""",7722276410,,,
1271,"ООО ""ИТС""",7806490890,,,
1272,"ООО ""РУЗСКОЕ СЕЛЬСКОХОЗЯЙСТВЕННОЕ ПРЕДПРИЯТИЕ""",7730704549,,,
1273,"ООО ""РСХБ-ФИНАНС""",7704794218,,,
1274,"АО ""АЭРОПОРТ МУРМАНСК""",5105040715,,,
1275,"ООО ""НК ""ЮГРАНЕФТЕПРОМ""",7710498263,,,
1276,"ООО ""ЛЕБЕДЯНСКИЙ""",4811023542,,,
1277,"ТОСП В КОШКИНСКОМ Р-НЕ ТПП ""РИТЭК-САМАРА-НАФТА"" ООО ""РИТЭК""",6317130144,,,
1278,"ПАО ""ДОРОГОБУЖ""",6704000505,,,
1279,"ООО ""ПАНСИОНАТ""",5001087042,,,
1280,"АО ""ЛЕНИНГРАДСКОЕ""",2341015096,,,
1281,"ООО ""ЦТП МОЭК""",7720302417,,,
1282,"АО ""ЛЕБЕДИНСКИЙ ГОК""",3127000014,,,
1283,"ООО ""ГОРНОЗАВОДСКЦЕМЕНТ""",5918218070,,,
1284,АССОЦИАЦИЯ БЕТОННЫХ ДОРОГ,7714427841,,,
1285,"ООО ""МАРС""",5045016560,,,
1286,РКДС,7727517570,,,
1287,"ООО ""ТМ""",4806016677,,,
1288,"ООО ""МОТОР""",5053029789,,,
1289,"ОАО ""ПЕНЗЕНСКИЙ КОМБИНАТ ХЛЕБОПРОДУКТОВ""",5834002580,,,
1290,"ООО ""ЭЛИТ СТРОЙ""",7204090319,,,
1291,"ООО ""360 МЕНЕДЖМЕНТ""",7728440680,,,
1292,"АО ""АКРОН ГРУПП""",5321093528,,,
1293,"ФЛ В Г САНКТ-ПЕТЕРБУРГ ООО ""ТД ""ЛАКТИКА""",5321122553,,,
1294,"АО ""ПЕРВЫЙ АВТОКОМБИНАТ"" ИМЕНИ Г.Л. КРАУЗЕ",7734032873,,,
1295,"ООО ""МЕГАПОЛИС""",7710940530,,,
1296,"ООО ""ПАРК ""ТРИ ВУЛКАНА""",7734426236,,,
1297,"ООО ""СПЕЦИАЛИЗИРОВАННЫЙ ЗАСТРОЙЩИК ""СИНАРА-ДЕВЕЛОПМЕНТ""",6685040700,,,
1298,"ООО ""УПК НСРЗ""",2315221913,,,
1299,"ООО ""ТЕКТА НЕДВИЖИМОСТЬ""",5032256974,,,
1300,"АО ""356 АРЗ""",6449042335,,,
1301,"ПАО ""ДЕТСКИЙ МИР""",7729355029,,,
1302,"ООО ""РЕЙЗ ДЕВЕЛОПМЕНТ""",9704124834,,,
1303,"ПАО ""ММЗ ""РАССВЕТ""",7703010005,,,
1304,"АО ""ТРЕНД""",7708729065,,,
1305,"ООО ""ГЕОЭКОТЕХСТРОЙ""",5040077295,,,
1306,ФАУ МО РФ ЦСКА,7714317863,,,
1307,"АО ""УСТЬ-ЛУГА ОЙЛ""",4707013516,,,
1308,"ООО ""КНГК-ИНПЗ""",2308128110,,,
1309,"ООО ""ТД ""РИФ""",6165161667,,,
1310,"ПАО ""СОВКОМФЛОТ""",7702060116,,,
1311,"ОАО ""РОСТОППРОМ""",7701026000,,,
1312,"ОАО ""АСТРАПРЕСС""",3017065442,,,
1313,"ЗПИФ хедж ""Газпромбанк - Долгострочные инвестиции""",7722515837,,,
1314,"ЗПИФ кредитный ""Союзпромкредит""",7705394773,,,
1315,"ОПИФ рыночных финансовых инструментов ""Открытие - Валютные акции""",7705394773,,,
1316,"ЗПИФ комбинированный ""Газпромбанк-Инфраструктурные инвестиции""",7722515837,,,
1317,"ОПИФ рыночных финансовых инструментов ""Открытие - Валютные облигации""",7705394773,,,
1318,"ЗПИФ комбинированный ""Газпром - Универсальный""",7722515837,,,
1319,"ЗПИФ недвижимости ""Территория Югра""",7708227080,,,
1320,"ОПИФ рыночных финансовых инструментов ""Открытие-Золото""",7705394773,,,
1321,"ОПИФ РЫНОЧНЫХ ФИНАНСОВЫХ ИНСТРУМЕНТОВ ""ОТКРЫТИЕ - ВАЛЮТНЫЙ СБАЛАНСИРОВАННЫЙ""",7705394773,,,
1322,"БПИФ рыночных финансовых инструментов ""Открытие - Всепогодный""",7705394773,,,
1323,"ОПИФ рыночных финансовых инструментов ""РЕГИОН Еврооблигации""",7730149408,,,
1324,"ОПИФ РЫНОЧНЫХ ФИНАНСОВЫХ ИНСТРУМЕНТОВ ""РЕГИОН ФОНД АКЦИЙ""",7730149408,,,
1325,"ОПИФ РЫНОЧНЫХ ФИНАНСОВЫХ ИНСТРУМЕНТОВ ""РЕГИОН ФОНД ОБЛИГАЦИЙ""",7730149408,,,
1326,"ОПИФ РЫНОЧНЫХ ФИНАНСОВЫХ ИНСТРУМЕНТОВ ""РЕГИОН ФОНД СБАЛАНСИРОВННЫЙ""",7730149408,,,
1327,"ОПИФ рыночных финансовых инструментов ""Америка""",7730149408,,,
1328,"ЗПИФ долгосрочных прямых инвестиций ""Прогресс""",7730149408,,,
1329,"ЗПИФ комбинированный ""Ритм""",7730149408,,,
1330,"ОПИФ рыночных финансовых инструментов ""Золотой Эталон""",7730149408,,,
1331,"ЗПИФ комбинированный ""Спортивные перспективы""",7727528950,,,
1332,"АО ""РТ-АВТО""",7709851082,,,
1333,"АО ""НИИТФА""",7726606316,,,
1334,"ООО ""ХК АЭМ""",9705144030,,,
1335,"ООО ""МОНЧЕГОРСКОЕ""",7604330117,,,
1336,"АО ""ГЕОКАРТА""",5905259721,,,
1337,"ООО ""ДОН ЗОЛОТО""",7604330124,,,
1338,"ООО ""ЗЕЛЕНЫЙ ДОЛ""",7727486403,,,
1339,"ООО ""КИРОВСКОЕ""",7727486386,,,
1340,"ООО ""КЫЗЫКЧАДР""",7727486361,,,
1341,"ООО ""СИГМА МИНЕРАЛ""",9727012823,,,
1342,"ООО ""ЦБК ХОЛДИНГ""",9703090678,,,
1343,"ООО ""НРА""",7714911548,,,
1344,"ООО ""СИНАТОМ""",6685170080,,,
1345,"ООО ""СИНАРАСТРОЙКОМПЛЕКТ""",6685184251,,,
1346,"ООО ""ГАЗПРОМНЕФТЬ-ТЕРМИНАЛ""",5406807595,,,
1347,"АО ""КУЗБАСС-ПРИГОРОД""",4205048280,,,
1348,"АО ""РЖДСТРОЙ""",7708587205,,,
1349,"ООО ""ГПБ-ПРОЕКТ""",7727247010,,,
1350,"ПАО ""ГРУППА ЧЕРКИЗОВО""",7718560636,,,
1351,"ООО ""Р-ФАРМ ИНТЕРНЕШНЛ""",7734406215,,,
1352,"ООО ""СПУТНИК ТЕХНОПОЛИС""",9723108588,,,
1353,"ООО ""Р-ФАРМ МС""",9728023049,,,
1354,"ООО ""Р-ФАРМ МТ""",9728056862,,,
1355,"АО ""ГАЗОВАЯ КОМПАНИЯ ЮГРА""",8601037610,,,
1356,"АО ""ГАЗПРОМ ГАЗОРАСПРЕДЕЛЕНИЕ СТАВРОПОЛЬ""",2635014240,,,
1357,"ООО ""ТРАНСТЕРМИНАЛ - ХОЛДИНГ""",7706438737,,,
1358,"ООО ""ЧУЛКОВСКОЕ""",7727449289,,,
1359,"ООО ""ХОХОЙ""",7727449930,,,
1360,"ООО ""ХАТЫРХАЙ""",7727470675,,,
1361,"АО ""КОГАЛЫМГОРГАЗ""",8608010409,,,
1362,"БУ ""НЕФТЕЮГАНСКАЯ ГОРОДСКАЯ СТОМАТОЛОГИЧЕСКАЯ ПОЛИКЛИНИКА""",8604026824,,,
1363,"АО ""ИГИРГИ""",7736619522,,,
1364,"ООО ""ДЕСЯТАЯ КОНЦЕССИОННАЯ КОМПАНИЯ""",4705075820,,,
1365,"ООО ""СОРОК ПЕРВАЯ КОНЦЕССИОННАЯ КОМПАНИЯ""",4705088481,,,
1366,"ООО ""КОПЕЙКА-МОСКВА""",7715196234,,,
1367,"ООО ""КОПЕЙКА ДЕВЕЛОПМЕНТ""",7704167231,,,
1368,"ООО ""АКЦЕНТР СЕВЕРО-ЗАПАД""",7707370545,,,
1369,"ООО ""АКЦЕНТР ГРУПП""",7817085357,,,
1370,"ООО ""АКЦЕНТР""",3703048393,,,
1371,"АО ""В/О""ИЗОТОП""",7704674312,,,
1372,"ООО ""ЦВТД""",7726750415,,,
1373,"ООО ""РЕНОВА-ХОЛДИНГ РУС""",7705310692,,,
1374,"ООО ""НОВАТЭК-ТАРКОСАЛЕНЕФТЕГАЗ""",8911020768,,,
1375,"АО ""БОГДАНОВИЧСКИЙ КОМБИКОРМОВЫЙ ЗАВОД""",6605002100,,,
1376,"ЗПИФ комбинированный ""ФИПЗ"" под управлением ООО ""УК ""Прагма Капитал""",7718581523,,,
1377,"ФЛ ""ТЕХНО"" ООО ""ТЕХНОНИКОЛЬ-СТРОИТЕЛЬНЫЕ СИСТЕМЫ""",7702521529,,,
1378,"ООО ""ИНВЕСТ-КРОВЛЯ""",7702338273,,,
1379,"АО ""РОССЕТИ ТЮМЕНЬ""",8602060185,,,
1380,"ООО ""НЭП""",8602171819,,,
1381,"ООО ""ГАЗПРОМ ЭНЕРГОСБЫТ БРЯНСК""",8602173527,,,
1382,"ООО ""ГАЗПРОМ ГНП ПРОДАЖИ""",1515919573,,,
1383,"АО ""КСК""",2315006923,,,
1384,"ОП ""ГОРЕЛОВО"" ООО ""ТД ЧЕРКИЗОВО""",5032046575,,,
1385,"АО ""УК ""РОЛЬФ""",9715449930,,,
1386,"АО ""КУРЬЯНОВСКОЕ""",7723098657,,,
1387,"АО ""БРИГИТА»",9725090512,,,
1388,"ООО ""КРИОГАЗ СЕВЕРО-ЗАПАД""",5003063216,,,
1389,"ПАО ""ХИМПРОМ""",2124009521,,,
1390,"ООО ""КОММУНИКАЦИИ И СВЯЗЬ""",9717046301,,,
1391,"ООО ""ТКМ-ХИМ""",2463255056,,,
1392,"ОАО ""САМАРАГАЗ""",6315223001,,,
1393,"АО ""ММЗ""",5029126076,,,
1394,"ООО ""ЭЛЬГАУГОЛЬ""",1434045743,,,
1395,"ООО ""ЦИФРОВАЯ ЖАЖДА""",9709036130,,,
1396,"АО ""ЗАВОД РЭТО""",7724646338,,,
1397,"ПАО ""ФОСАГРО""",7736216869,,,
1398,"ООО ""ГРУППА ОРГСИНТЕЗ ХОЛДИНГ""",2124041162,,,
1399,"ООО ""ГРУППА ЭПМ""",7707391440,,,
1400,"АО ""БЕРЕЗОВСКИЙ ХЛЕБОКОМБИНАТ""",6604001978,,,
1401,"АО ""ХОТЫНЕЦКОЕ ХПП""",5726000070,,,
1402,"АО ""СОГАЗ""",7736035485,,,
1403,"ТОСП ""Ч001 Москва Долгопрудная"" ООО ""СЛАДКАЯ ЖИЗНЬ Н.Н.""",5257041777,,,
1404,"Фл ""Сочи"" ООО ""Лукойл-Югнефтепродукт""",2309051942,,,
1405,"ООО ""СИНАРА-ГТР ТАГАНРОГ""",9709067611,,,
1406,"ООО ""РВК-ОМСКИЙ РАЙОН""",5501280140,,,
1407,"ОАО УК ИНДУСТРИАЛЬНОГО ПАРКА ""НОВОУРАЛЬСКИЙ""",6682005169,,,
1408,"ООО ""КОПИТАНИЯ""",7704702640,,,
1409,"ООО ""УК ""САТУРН""",9709074440,,,
1410,"ООО ""ВЭБ ВЕНЧУРС""",7731373995,,,
1411,"АО ""АТОМ-ТОР""",5254491182,,,
1412,"АО ""КОМКОР""",7717020170,,,
1413,"ООО ""СКФ АРКТИКА""",7841443821,,,
1414,"""Нефтебаза (Магнитогорский регион)"" ООО ""ЛУКОЙЛ-Уралнефтепродукт""",7453011758,,,
1415,"ООО ""СПЕЦДОРПРОЕКТ""",7724305345,,,
1416,"УНИВЕРСИТЕТ НАУКИ И ТЕХНОЛОГИЙ МИСИС, УНИВЕРСИТЕТ МИСИС, НИТУ МИСИС, МИСИС",7706019535,,,
1417,"ПАО ""РОССЕТИ УРАЛ""",6671163413,,,
